告警定义号,告警名称,告警层级,告警层级数字
3080,VCC_HIGH_ALARM_TW,,
2268,COLD_START,,
60052,ODU0_ADP_FIFO_ERR,,
2748,M_BPROUSERDIFS,,
1076,LTITW10-1,,
2315,Node_COMFAIL,,
3037,Y1731_LOSS_OF_CONTINUITY,,
852,W_P_LINE2,,
850,W_P_LINE1,,
1328,DGE_OUT_FPL,,
2760,BER_HIGH,CLIENT,1
1077,LTITW10-2,,
2386,US_CLIENT_1_LOSS_THRESH,,
2741,Ne_Safety_Management_Failure,,
1230,1:N_SWTR,,
62113,HCU card is not on line alarm,,
254,SPI_TF,,
419,SPI_TD,,
277,CRC_ERR,CLIENT,1
1267,BCS,,
2432,ONU_COMMUNICATION_ERR,,
1406,TX_LOOP_AGDE,,
62038,Ethernet Communication Fail,,
62063,IUA Link Disconnected,,
308,PROTECT_ER,,
843,CH_OPM_W,,
88,SER,,
243,L_PPS_LOS,,
2411,CPU_INVERSION_FAILED,,
513,V5ID-MIS,,
53,V5PPERR,,
720,RS_SD.,,
2773,IDU_TX_CLOCK_LOS,,
826,LTIE2,,
3082,TEMP_HIGH_ALARM_TW,,
1089,LTIE3,,
808,LTIE1,,
17,SFP,,
2373,E1_LOS,,
2012,FAN_ALM,,
1676,PM_BIP8_SES_LIMIT,ODUk,2
2602,BIAS_HIGH_WARNING,,
1112,BRIDGE_WEST,,
2367,E1_LOF,,
1688,TCM4_BIP8_UAS,,
1140,OSW4_LOCK,,
1747,W_ADJUST_ERR,OTS,6
225,LTIE1_Hz,,
2789,VRF_OPERATION_DOWN,,
1998,E1_NOT_EXIST,,
1093,FORCE_AIS,,
895,GROUP_RS_SES_LIMIT,,
2030,MIOP_HIGH,,
1321,DGE_CH_WAV_EX,,
1366,XC_ABSENT,,
2279,ATUC_PERF_LOSS_THRESH_TRAP,,
868,GROUP_LOS,,
279,G2_FAIL,,
1520,ODU2_LCK,ODUk,2
743,LT_OLS,,
991,POWERALM2V5,,
1514,SM_BEI_SD,OTU,3
1683,SM_BIP8_UAS,,
3420,RECITIF MODULE_MISSING,,
1540,TCM3_SD,,
143,LTIL1,,
144,LTIL2,,
892,TRIB_RS_ES_LIMIT,,
1968,DCCCUTTHROUGH_R,,
2473,ACVOLDOWN,,
427,LTIL9,,
2697,Battery_Charging,,
404,LTIL7,,
416,LTIL8,,
367,LTIL5,,
380,LTIL6,,
324,LTIL3,,
1970,DCCCUTTHROUGH_M,,
341,LTIL4,,
466,ORALM,,
672,BDCVLOVER,,
3342,TX_LOCK_MAIN,,
357,SES_LIMIT(T),,
1196,RMAC_LOOP,,
1579,W_P_T,,
2836,VPNFRR_LOCK_MAIN,,
1577,W_P_R,,
1550,TCM5_TIM,,
2841,M_BLOOPBACKDIF_N,,
2148,LOL_15,,
60095,ETH_AIS,,
62059,Battery Fail,,
1280,MS_WORK_LOCK,,
1794,VP_MMG,,
1445,34M_CARD_SWR,,
2709,XG_OPTMODULE_TXPOWER_LOW_ALARM,,
62117,Ont dying gasp status lamp alarm,,
3065,LINK3_BER_ALARM,,
1651,TCM5_LCK,ODUk,2
61006,UP_BANDWIDTH_UTILIZATION_LOWER_THRESHOLD,,
1612,M_BCFGRDIF,,
955,CLIENT_IOP_HIGH,,
1831,ETH_RDI,,
52,V52CO_P_L3ERR,,
2572,ATUR_SES_OVER_THRESHOLD,,
1880,CLIENT_LOOP,,
615,OTN_SDH_LOF,,
61042,REFERENCE_LOS,,
671,OD_IOLS,,
290,MXAUALM,,
601,VOLT_ERO,,
745,LT_OPM,,
2778,BAT_UTA,,
1644,TCM4_AIS,ODUk,2
2807,Port_Rate_Change,,
619,OTN_SDH_LOS,,
1375,OSCALM,,
60119,TRANSMISSION_INTERFERENCE_WARNING,,
61013,Multiplexing segment signal degradation,,
3459,RECITIF MODULE_DC VOLT OVER,,
761,PWRB_FAIL,,
1784,OMS_FDI_O,,
1785,OMS_FDI_P,,
1633,CLIENT_IOP_LOW,,
1115,SHDSL_LOSW,,
1491,RLOOP,,
3438,HEAT_EX2_TEMP UNDER,,
2057,BMC_LOS,,
1792,VC_RDI,,
62041,SWITCH_CONTACTOR,,
2286,ATUR_PERF_LOSS_THRESH_TRAP,,
893,GROUP_RS_ES_LMIT,,
61039,FLOODING_EXCEED_THRESHOLD,,
2020,CARD_FORCE_SWITCH,,
1940,WRAP_WTR,,
3396,HEAT_EX1 OUTDOOR CTROL,,
61074,OPMACHINE_RXPOWER_OVER,,
2770,BGP_BACKWARD_TRANSITION,,
62002,Client_LOS_Status,,
543,V52CO_PR_PERR,,
1728,MSIM,ODUk,2
1516,ODU1_AIS,ODUk,2
3436,HEAT_EX2_TEMP OVER,,
525,FEC_D_SD,OTU,3
2363,DOOR_OPEN(MSAN),,
1274,ERR3_R,,
359,LTIT1,,
376,LTIT2,,
62066,Battery recharge Over current level,,
573,RING10_SWR,,
1975,RS_SF.,,
2061,PLH_ERR,,
3357,RX_SYNC_LOSS,CLIENT,1
333,ES_LIMIT(T),,
618,OTN_RXLOL,,
1682,TCM6_BIP8_SES_LIMIT,ODUk,2
2591,RX_POWER_LOW_ALARM,,
3431,HUMIDITY1 UNDER,,
1044,CH4_RLOS,,
2092,MAIN_POWER,,
1241,RxErr,,
747,IOP.,,
3079,BIAS_LOW_ALARM_TW,,
1192,BNODE_DIF,,
1583,OMS_ILS,,
1912,BACKUP_FAULT,ODUk,2
61029,ODU2 open connection indicator,,
15,LTIT9,,
1536,TCM2_LINK_REQUEST,,
437,LTIT7,,
842,CH_OPM_E,,
845,LINE1_LOS2,,
443,LTIT8,,
463,GPRO_ERROR,,
476,G1_COMM,,
1178,E_OAMERRI,,
62032,Fan Speed Alarm,,
420,LTIT5,,
429,LTIT6,,
844,LINE1_LOS1,,
3411,BACKUP AC SUPPLY FAIL,,
392,LTIT3,,
408,LTIT4,,
1173,FC_EOVF,,
538,SD_LIMIT,,
766,AUAIS_T,,
2619,BATTERY_TEMPRATURE_OVER_THRESHOLD_ALARM,,
101,OSC_SESLIMIT,,
2379,FRAGMENT_THRESH,,
84,PHONE,,
3329,TCM6_EXC,,
2796,PACL_EXC,,
1586,OMS_MID_ILS,,
1696,TCM4_BEI_ES_LIMIT,ODUk,2
62018,BATTERY_MISSING,,
2334,QueueOverflow,,
2855,ANMS Operation Log Dumper over,,
167,E2EL,,
3078,BIAS_HIGH_ALARM_TW,,
1371,MIS_CON,,
60063,EFM_LOS,,
3386,STRIKE,,
375,SLOS,,
3054,LINK_UNLOCK_ALARM,,
204,OOL2G5,,
882,GROUP_MS_SD,,
1252,SecondClockLoss,,
60090,SSF,OCH,4
2059,PTP_TEST,,
941,DCCCUTTHROUGH,,
1611,M_BADDRDIF,,
3321,OPUK_VCAT_SQM,,
62019,REPEAT_ALARM,,
1229,1:N_SWR,,
854,.MS_EXC.,,
1824,PWRUNINSERT,,
1420,OTS_ILS,,
2722,FLOW_TH,,
1526,TCM1_TIM,ODUk,2
62068,Battery temperature sensor breakdown,,
996,AGGR_OPM_LOW,,
2509,PROTECT_VOICE_SERVICE_ONLY,,
2090,3.3V,,
60027,ICALM,,
950,PRILOS.,,
1599,RECOG_ERR,,
1834,AGGR2_TO_AGGR1,,
275,PROTECT_WR,,
1262,RING,,
60142,VCS has faulted,,
3035,BATTERY_2TEMPRATURE_OVER_THRESHOLD_ALARM,,
1346,IOP_HIGH.,,
2526,SUF,,
1619,M_BCROSDIF,,
2149,WAN1_LOS,,
1113,BRIDGE_EAST,,
1303,DGE_OLS,,
2341,StatisticsAlarm,,
2635,DOWN_RX_MULTICAST_FRAMES_OVER_THRESHOLD_WARNING,,
872,GROUP_RS_TIM,,
606,K1K2_MISMATCH,,
61036,EMSALARM_ONUMAX_THRESHOLD,,
2455,ONU/BTU_AUTO_CONFIG_FAILED,,
2850,MODULE_POWER_LIMIT,,
2849,MODULE_COMM_FAIL,,
60117,OPTMODULE_NOT_PRESENT,,
1711,TCM3_BEI_UAS,,
400,IOP_LIMIT.,,
657,PWR_VLOW,,
1659,SM_BIP8_SD,OTU,3
229,PRILOS,,
930,LTIE4-2,,
929,LTIE4-1,,
1738,CASETEMP_HIGH,OTS,6
754,LINK_ERR,CLIENT,1
1025,TC_LOM,,
2045,MON10,,
825,LTIW2,,
350,LP_RDI_C,,
1088,LTIW3,,
2048,MON13,,
807,LTIW1,,
2049,MON14,,
2046,MON11,,
80,SWR,ODUk,2
2047,MON12,,
81,SWT,,
546,V52IDERR,,
2050,MON15,,
2051,MON16,,
3453,DC VOLT OVER,,
335,LP_RDI_S,,
2568,ATUC_ES_OVER_THRESHOLD,,
1270,LOOP_T2,,
1269,LOOP_T1,,
1705,TCM5_BEI_SES_LIMIT,ODUk,2
520,V5PSTNAT,,
2269,WARM_START,,
3077,TX_POWER_LOW_ALARM_TW,,
1624,OTS1_RS232_COMM,,
1774,VP_UNP,,
1924,APS_MISMATCH,ODUk,2
4,PPI_AIS,,
1797,VP_UNM,,
2031,MOOP_HIGH,,
60056,OPU1_JC_MISMATCH,,
499,LOS_F,,
1,SPI_LOS,,
685,IOP_ALM,,
2677,Alarm History Dumper over,,
3085,MGC Disconnected,,
1459,CON_FAIL,,
3427,ENV_TEMP1 UNDER,,
3361,UNKNOWN_UCAST_LIMIT,,
3392,HEAT_EX1 OUTDOOR FAN,,
2109,BMU_ALM,,
857,LP_SD,,
1817,DZB_IN,,
66,HP_BE,,
2721,SHUT_DOWN_48V,,
191,BRIDGE,OCH,4
598,TX_DEFF,,
645,CLIENT_ES_LIMIT,,
1310,DGE_CH_IOP_LOW,,
62051,HEATEX_INFAN_FAULT,,
62110,BETWEEN_CARDS_DOWN_CRC_ OVER_THRESHOLD,,
2480,FIRE_ALM,,
62116,Dying gasp dsl,,
731,PWFALM.,,
1005,AGGR_EOL,,
1353,LP_EXC,,
331,REFA_LOS,,
3020,UNEXPECT_MEP_ID11,,
3019,UNEXPECT_MEP_ID10,,
1715,PM_AIS,ODUk,2
384,D_MUX_LOL,,
351,E13_FAIL,,
1555,TCM5_LTC,ODUk,2
2087,1.2_2V,,
2848,MODULE_RESTRICTIONS,,
3323,TCM2_EXC,,
3425,ENV_TEMP1 OVER,,
62078,USER_LOGIN_FAIL,,
2633,UP_MULTICAST_FRAMES_OVER_THRESHOLD_WARNING,,
2100,CHIP1_FAIL,,
1055,LTITW3-2,,
1054,LTITW3-1,,
1925,TMP_SD.,,
764,PWRB_VCCALM,,
2086,1.2_1V,,
3349,RX_SW_FAIL,,
35,LP_FERF,,
60044,ODU0_OOF,ODUk,2
2418,155_OPTICAL_AIS,,
594,RX_ERR,CLIENT,1
62058,AC_FAIL,,
60041,ODU0_OOM,,
2262,DOWN-UP,,
602,FEC_LOF,,
3374,CFG_EXC_WARN,,
1767,VP_LOC,,
349,MS_PJE,,
3314,LOS_P,OCH,4
1523,PM_SD,,
2107,CHIP2_TEMP,,
1423,OTS_IOP_LOW,,
1079,LTITE7-2,,
379,TGU_ABNL,,
947,W_ILS,,
911,HP_DEG,,
1078,LTITE7-1,,
1872,PUMP_HIGH,,
61031,MPLS-TP False remote fault indication,,
129,TEMP_DOWN,,
946,E_ILS,,
2088,1.2_3V,,
1926,TMP_SF.,,
1991,FAR_LOOP_ALM,ODUk,2
1622,LOOP_F.,,
60134,HD_OVER_THRESHOLD,,
1266,BW_LIMIT,,
957,CLIENT_OPM_HIGH,,
958,OTN_IOP_HIGH,,
1874,LTIE1_LOS,,
916,MS_BBE_LIMIT,,
1430,ROSW_P_W,,
1763,OMS_BDI_O,OTS,6
1764,OMS_BDI_P,OTS,6
62022,HFA Output Power Alarm,,
646,CLIENT_SES_LIMIT,,
2060,GFP_OOF,,
1743,W_TO_P,OTS,6
1553,TCM5_BEI_SD,ODUk,2
2643,DOWN_FRAMES_DROPPED_OVER_THRESHOLD_WARNING,,
60122,MAC Status Error,,
2150,WAN1_LCD,,
849,OSW2_FAIL,,
1703,TCM3_BEI_SES_LIMIT,ODUk,2
2582,CARD_NOT_PRESENT,,
3446,HEAT_EX2 VOLT UNDER,,
2578,CUR_ALARM_NUM_OVER_THRESHOLD,,
1647,TCM1_LCK,ODUk,2
630,OTN_SDH_SD,,
1849,TRIB_PM_C_SD,,
629,OTN_SDH_TIU,,
1744,P_TO_W,OTS,6
605,SPI_SD,,
1333,DGE_COMM,,
1717,RP_LASER_OFF,,
459,BREAK_L,,
2345,E1_CRC_ERROR,,
1148,AGGR_FEC_LOF,,
1304,DGE_CH_OLS,,
1701,TCM1_BEI_SES_LIMIT,ODUk,2
1320,OTS2_CH_IOP_HIGH,,
2425,CONFIG_HAVENOT_SAVED,,
656,BIAS_UNSTB,,
2471,ENV_TEMP_DOWN,,
2490,RECVOLOVER,,
3339,RX_FORCE_PROTECT,,
1845,AGGR_OPU2_RS_SD,,
616,OTN_SDH_TIM,,
1469,TRIB_LINK_ERR,,
168,E2WL,,
63,HP_LOM,,
658,TCT_CT,,
353,HP_LOP,,
149,TAPSCW1,,
150,TAPSCW2,,
2604,VCC_HIGH_WARNING,,
98,OSC_EXBER,,
689,MS_LOCK_WORK,,
2857,OMS_BDI,,
1621,M_BDCCSFDIF,,
287,ERR_HW,,
60047,OPU2_25TS_JCM,,
2624,SOFTWARE_MISMATCH,,
1615,M_BAREADIF,,
1625,OTS2_RS232_COMM,,
742,CLIENT_LDOFF,,
60026,CLOCKALM,,
1681,TCM5_BIP8_SES_LIMIT,ODUk,2
2133,PORT_LOF,,
1189,FF_LOS,,
2769,OSPF_NBR_STATE_CHANGE,,
3052,RAU_RSL_HIGH_ALARM,,
2599,RX_POWER_LOW_WARNING,,
1209,RING_RX_USZ_BLIMIT,,
2737,LVDS2_ALM,,
280,ERR_TMP,,
992,POWERALM3V3,,
3437,HEAT_EX1_TEMP UNDER,,
2533,NO_OPTICS_SIGNAL(UPLINK_OPORT),,
3454,DC VOLT UNDER,,
3456,LOAD VOLT UNDER,,
118,MS_EXBER,,
644,OTN_EOL,,
455,TIM,,
1456,OVER_SHOOT_LIMTI,,
969,CH3_TSW,,
61011,PDH physical interface failure,,
177,WRAIS,,
2620,UP_SPEED_OVER_THRESHOLD_WARNING,,
1687,TCM3_BIP8_UAS,,
3376,LINK_LOS,,
1264,WAN_ELOOP,,
1511,OTU2_AIS,OTU,3
2403,PumpAlarm,,
3347,RX_P_TO_W,,
1928,TMS_SD.,,
2273,SLOT_LOS,,
1733,RP_HIGH,,
3351,LAG_DOWN,,
1551,TCM5_BDI,ODUk,2
609,MAIN_SUB,,
719,.RS_SD.,,
2679,24 hours Performance History Dumper over,,
2649,DOWN_COLLISIONS_OVER_THRESHOLD_WARNING,,
1666,TCM6_BIP8_SD,ODUk,2
936,LTIW8-2,,
935,LTIW8-1,,
2125,AIF_LIGHTNING_FAIL,,
3344,TX_MANUAL_CONTROL,,
2407,To Accuse,,
1739,COMMUN_FAIL,OTS,6
1887,LP_UAS_LIMIT,,
2484,BFUSEBRK,,
2036,ODU0_OCI,ODUk,2
508,V5PROTDLEST,,
2675,Database Unreachable,,
62028,HFA Pump3 Current Alarm,,
2332,eponPdsFer,,
567,RING4_SWR,,
2324,ATUR_UPRATE_UNDER_THRESHOLD,,
1929,TMS_SF.,,
596,LATE_COL,,
1255,TLS,,
62036,Power Supply Los Alarm,,
1559,TCM6_BEI_SD,ODUk,2
269,ELOS,,
2043,MANHOLE_ALM,,
2771,MPLS_LDP_SESSION_DOWN,,
1117,E1_LINKAIS,,
1211,RING_HECERR_BLIMIT,,
60138,Heartbeat is down,,
2450,MGC_DISCONNECTED,,
2603,BIAS_LOW_WARNING,,
2171,LOS15,,
2172,LOS16,,
314,SXAUALM,,
2173,LOS17,,
2174,LOS18,,
2167,LOS11,,
2168,LOS12,,
2169,LOS13,,
2115,LOC_FAULT,CLIENT,1
2170,LOS14,,
1907,REF_SWITCH,,
3364,WRITE_CFG_FILE_FAIL,,
62004,LINK_LOSS_TW,,
62077,USER_LOCK,,
2175,LOS19,,
60018,ROSW_FORCE_PROTECT,,
2504,ONU_REPLACE_MISMATCH,,
3435,HEAT_EX1_TEMP OVER,,
1003,AGGR_RS_UAS,,
2701,BATTERY_HUM_DOWN,,
2182,LOS26,,
2183,LOS27,,
2184,LOS28,,
2178,LOS22,,
2594,BIAS_HIGH_ALARM,,
2,PPI_TF,,
2179,LOS23,,
62054,HEATEX_OUTTRAN_FAULT,,
2180,LOS24,,
2181,LOS25,,
93,RS_TIU,,
975,LR_ALM,,
2715,UP_BROADCAST_SPEED_OVER_THRESHOLD,,
61017,Low-order path remote defect indication,,
2662,FLOW_RATE_OVER_THRESHOLD,,
1669,TCM1_BIP8_ES_LIMIT,,
3334,AU_NPJE_LIMIT,,
60007,M_BMCCIRDIF,,
30,FIBER_REF,,
999,AGGR_RS_LOF,,
709,TEC_CT.,,
702,LOOP_8M,,
2176,LOS20,,
2177,LOS21,,
1253,SkyLineRxErr,,
2637,UP_BROARDCAST_FRAMES_OVER_THRESHOLD_WARNING,,
60013,FANALAM,,
1537,TCM2_LTC,ODUk,2
95,OSC_LOF,,
2573,ATUR_UAS_OVER_THRESHOLD,,
2538,UPLINKCARD_INVERSION,,
62115,Critical Event,,
94,OSC_LOS,,
263,LIS_34M,,
1210,RING_HECERR_PLIMIT,,
1778,FORCE_SWITCH,ODUk,2
964,CH2_RSW,,
1655,TCM3_OCI,ODUk,2
60016,ROSW_FORCE_MAIN,,
394,RB_BREAK,,
2735,TCM5_SSF,ODUk,2
1116,SHDSL_POWERLOS,,
2876,DYING_GASP,,
2595,BIAS_LOW_ALARM,,
1378,OTS3_ILS,,
396,SMOG,,
1165,PHY_ROVF,,
1208,RING_RX_USZ_PLIMIT,,
2453,ALARM_NUM_OVER_THRESHOLD,,
831,LTIE1_HDB3.,,
1268,REF_CHANGE,,
2304,Atuc_RateChange,,
60112,OPT_LINK_CHANGE,,
1012,CH_ILOS,,
2672,softswitch Unreachable,,
412,ERRNUA,,
1944,M_SSTRURDIF,,
2669,ILLEGAL_CNU_REGISTE,,
2322,Atur_RateChange,,
2674,group Unreachable,,
691,CLKIN_LOS,,
231,T_INP,,
2136,LCD,,
62027,HFA Pump2 Temperature Alarm,,
1161,NO_HPIF,,
60126,LCK,,
60032,OTU1_OOF,,
60029,OTU1_OOM,,
2393,DS_NET_2_LOSS_THRESH,,
2191,LOS37,,
2192,LOS38,,
2461,OPTMODULE_BIAS_OVER,,
2187,LOS33,,
2188,LOS34,,
2189,LOS35,,
2190,LOS36,,
1973,TEMP_HIGH.,,
1285,PRILOS_E,,
62031,OLP R2 Input Power Alarm,,
3063,LINK1_BER_ALARM,,
92,RS_TIM,ODUk,2
2420,ResumeFiber,,
2508,BATTERY_VOLTAGE_TOO_LOW,,
60089,CSF,,
651,OS_LOS,,
2185,LOS31,,
2186,LOS32,,
902,TRIB_MS_UAS,,
1286,PRILOS_W,,
1337,HOLDOVER,,
2434,NO_OPTICS_SIGNAL(OLD),,
388,EAST_P,,
62005,DYING_GASP_TW,,
1801,VP_LCK,,
3350,TX_SW_FAIL,,
2368,LFA,,
571,RING8_SWR,,
3371,M_BPROTOCOLDIF,,
2755,CPU_USE_PER_OVER,,
1758,T_LIMIT,,
2626,UP_TOTAL_FRAME_OVER_THRESHOLD,,
1103,RPJEN_LIMIT,,
2022,CARD_CLEAR_SWTCH,,
60141,Health of cluster resource declined,,
1871,PUMP_LOW,,
235,COMM_FAIL,,
683,CFSW,,
2866,OTS_PMI,OTS,6
347,OCVOF,,
1365,BOARD_ERR,,
79,CUT,,
1847,AGGR_SM_C_SD,,
884,TRIB_LDTCT,,
641,OTN_ES_LIMIT,,
926,LTIE3-1,,
1149,AGGR_FEC_D_SD,,
1243,.AIS,,
413,OATEMP,,
2618,DOWN_SPEED_OVER_THRESHOLD_WARNING,,
3441,AIR_CON1_TEMP UNDER,,
960,OTN_OPM_HIGH,,
3377,PK_LOS,CLIENT,1
2653,DOWN_OVER_SIZE_FRAMES_OVER_THRESHOLD_WARNING,,
973,UNLOCK,,
60077,OTU_LOM,OTU,3
60088,OTU_LOF,OTU,3
2601,TX_POWER_LOW_WARNING,,
2553,UNEXPECT_LEVEL,,
3022,UNEXPECT_PERIOD3,,
3021,UNEXPECT_PERIOD2,,
2056,PTP_ALM,,
2811,SFP_NOT_EXIST,,
3024,UNEXPECT_PERIOD5,,
1527,TCM1_BDI,ODUk,2
3023,UNEXPECT_PERIOD4,,
1047,TRIB_LDCCT,,
773,OSC_8M_LOS,,
1716,FP_LASER_OFF,,
3026,UNEXPECT_PERIOD7,,
3025,UNEXPECT_PERIOD6,,
3028,UNEXPECT_PERIOD9,,
3027,UNEXPECT_PERIOD8,,
2482,DCVOLFAIL,,
60080,ODU_AIS,ODUk,2
1144,LIF,,
1818,CRC_ERR.,,
1330,OTS2_FPL,,
703,LOOP_2M,,
62003,Dev_Status,,
2343,LIS,,
2641,UP_FRAMES_DROPPED_OVER_THRESHOLD_WARNING,,
399,TR_LTC,,
2277,SNMP_TRAP_AUTHFAIL,,
2424,PEER_INSERT,,
2274,TRAP_LDU_IS_UPGRADING_NOW,,
196,OPTIP,,
2410,FAN_ERROR,,
62098,PTP_OUTPUT_MODUAL_FAULT,,
2713,BER_ALARM,,
1087,HP_UAS_LIMIT,,
1221,BOARD_LOCK_MAIN,,
1361,V35_ALM,,
60118,Loopback detected on OLT,,
100,OSC_ESLIMIT,,
2040,PATTERN_LOSS,,
1610,OCH_CHANGE,,
2879,UNCORR_MEM_ECC_ERR,,
2837,VPNFRR_MANUAL_SWITCH,,
83,DALM,,
2596,VCC_HIGH_ALARM,,
60121,RECTIFIER_FAN_FAIL,,
60046,OPU2_25TS_MISMATCH,,
2465,LINECARD_SWITCH,,
61023,Instructions from OTU2 alarm,,
62017,ALL_ONU_DYING-GASP,,
252,CH_IN_OLOS,,
1381,OTS4_CH_ILS,,
3369,EVOA_TRACE_STATE,OTS,6
899,GROUP_MS_ES_LIMIT,,
686,OPM_ALM,,
3081,VCC_LOW_ALARM_TW,,
2118,GFP_FDI,ODUk,2
391,MLFA,,
949,OSWST_E,,
2493,FANFAIL,,
61037,EMSALARM_OLTMAX_THRESHOLD,,
2015,MCCDISABLE,,
2673,presence Unreachable,,
1218,PATH_SWTR,,
1263,WAN_ILOOP,,
864,GROUP_CLS,,
1980,ETH_LB_LOS,,
948,OSWST_W,,
2076,ODU4_OCI,ODUk,2
2625,UP_TOTAL_FRAME_OVER_THRESHOLD_WARNING,,
60002,PM_THRESHOLD_CRITICAL,,
2880,CORR_MEM_ECC_ERR,,
1411,LOM_LOS,,
730,.IOP_LIMIT,,
1498,COMM,,
1684,PM_BIP8_UAS,,
1819,CARD_ABSENT,OTS,6
1712,TCM4_BEI_UAS,,
417,CODE_SW,,
1461,MODULE_TEMP,,
297,RB_LOS,,
3372,MODULE_CFG_FAIL,,
2261,UP-DOWN,,
673,BDCVLDOWN,,
1080,LTITE8-1,,
1081,LTITE8-2,,
2527,LOA,,
61018,The loss of low-level channel pointer,,
1751,LOC,,
360,LOF,,
2143,LOL,,
1509,LOM,,
2142,LOP,,
1383,OTS4_IOP_LOW,,
60116,License Rrc Alarm,,
2132,LOS,,
744,LR_ILS,,
3398,HEAT_EX1 CTROL,,
2447,AUTO_UPGRADE_ONU_SUCCESS,,
1363,HDB3_CV,,
3067,LINK5_BER_ALARM,,
31,UAS,,
62056,Battery discharge threshold alarm,,
897,GROUP_RS_UAS,,
1147,LP_SES_LIMIT,,
1691,SM_BEI_ES_LIMIT,OTU,3
3457,BAT_RECHARGE_CURR OVER,,
2743,M_BPROGROUPDIF,,
1462,POWER_UINIT_FAIL,,
2135,LPR,,
777,OSC_2M1_LOS,,
2469,SYSMINALM,,
2081,SCCDISABLE,,
2452,OPTICAL_POWER_LOW,,
870,GROUP_RS_LOF,,
56,V52CO_LC_L3ERR,,
2816,MAIN_SUB_APS_MISMATCH,,
974,LTIE1(ANY),,
1200,SPI42_LOOPH,,
2870,PTP_LOS_DELAY_RESP_PACKET,,
61038,SERVER_STOP_ALARM_NOTIFY,,
1199,SPI42_LOOPL,,
1665,TCM5_BIP8_SD,ODUk,2
1418,OTN_EOL.,,
2406,LRF,,
1314,OTS1_CH_IOP_LOW,,
47,LTIE2_HDB3,,
3422,RECITIF MODULE_OFF,,
2123,RING_MISMATCH,,
1560,TCM6_LINK_REQUEST,,
2014,FORCE_CARD_SWITCH,,
1123,E1_ERR,,
62071,Battery Cell temperature over,,
2727,PDELAY_REQ_RX_TIMEOUT,,
2708,XG_OPTMODULE_TXPOWER_OVER_WARNING,,
2851,MODULE_NO_FLOW_EQUAL,,
2317,BCTFAIL,,
1898,TRIB_SM_TIM,,
3346,TX_W_TO_P,,
62118,Ont link loss status lamp alarm,,
3375,POWERALM,,
60,HP_TIM,,
2731,TCM1_SSF,ODUk,2
2764,PRBS_INSERT,,
61,HP_TIU,,
3070,LINK7_BER_ALARM,,
1277,LTI,,
62111,webservice cmd Log Dumper over,,
28,RTM_T,,
197,OPTOP,,
1429,TOSW_W_P,,
954,TRAF_ONLOAD,,
1036,OTN_GE_SD,,
3343,RX_MANUAL_CONTROL,,
746,LR_IOP,,
2766,ETH_OAM_CONNECT_FAULT,,
60023,TOSW_LOCK_PROTECT,,
2551,User_defined_alarm14,,
3399,HEAT_EX2 CTROL,,
344,C_MUX_LOL,,
2550,User_defined_alarm13,,
203,OOL38M,,
1791,VS_AIS,,
2549,User_defined_alarm12,,
1470,OPT_LOS,,
2548,User_defined_alarm11,,
2547,User_defined_alarm10,,
2335,MacLearningTableOverflow,,
159,TAPSCE1,,
3071,OPTMODULE_TEMP_OVER_TW,,
60024,ROSW_MANUAL_CONTROL,,
160,TAPSCE2,,
721,LDTALM.,,
1056,LTITW4-1,,
137,FPLL,,
1057,LTITW4-2,,
2762,REMOTE_NOT_MATCH,,
759,SETOSC_FERF,,
1590,GFP_EXM,,
1931,WRAP_LOCK_PROTECT,,
60019,TOSW_FORCE_PROTECT,,
2661,DETECTION_OF_DOS_ATTACK,,
1220,RX_SFI5_SKEW,,
3444,HEAT_EX2 VOLT OVER,,
1833,AGGR1_TO_AGGR2,,
342,AU_AIS_T,,
1749,GE_ILOOP,,
2395,DS_NET_2_ERR_THRESH,,
2842,M_BAREAKEYDIF_N,,
74,ES_LIMIT,,
2270,SLOT_INIT_FAILURE,,
246,OSWST,,
2392,US_CLIENT_2_LOSS_THRESH,,
915,RS_BBE_LIMIT,,
2362,HUMID_OVER(MSAN),,
2066,IP_RDI,,
3383,WATER,,
62091,PTP_CONF_MISMATCH,,
1897,TRIB_PM_TIM,,
2004,M_BAREADIF_N,,
1582,OSW_MODE_T,,
887,GROUP_MS_AIS,,
1581,OSW_MODE_R,,
315,OSWTR,,
1292,ALL_BCAST,,
2665,UP_UNDER_SIZE_FRAME_OVER_THRESHOLD,,
62105,PDELAY_RESP_RX_TIMEOUT,,
2280,ATUC_PERF_LPRS_THRESH_TRAP,,
3426,ENV_TEMP2 OVER,,
662,OSC_OLS,,
2474,DCVOLOVER,,
2122,LSP_MISMATCH,,
260,LFA_E,,
912,RS_DEG,,
1569,OCH_ILS_P,,
3043,OPTLOSS_HIGH_ALARM,,
1568,OCH_ILS_W,,
775,OSC_8M_AIS,,
361,LOOPL_L,,
3428,ENV_TEMP2 UNDER,,
27,LFA_T,,
1273,LFA_R,,
240,LFA_O,,
1127,LIS1,,
2390,US_CLIENT_2_CRC_THRESH,,
1130,LIS4,,
1129,LIS3,,
1128,LIS2,,
2797,EACL_EXC,,
1060,LTITW6-1,,
2460,OPTMODULE_VOL_OVER,,
1061,LTITW6-2,,
1832,ETH_LCK,,
2717,DROPPED_SPEED_OVER_THRESHOLD,,
2358,DCV_OVER,,
1440,OTN_SW_FAIL,,
733,CH1_MAIN_SUB,,
2025,TEMP_ABNORMAL,,
873,TRIB_OPM_LOW,,
855,T_LOF,,
1184,AIS3,,
1185,AIS4,,
1182,AIS1,,
1183,AIS2,,
1675,SM_BIP8_SES_LIMIT,OTU,3
1343,AIS.,,
1544,TCM4_TIM,ODUk,2
682,CKUFAIL,,
61033,MPLS-TP virtual path remote fault indication,,
1768,RS_LOC,,
77,DP,,
89,RS_LOF,ODUk,2
3319,SSF_O,OCH,4
3318,SSF_P,OCH,4
2441,ATUC_LOS_OVER_THRESHOLD,,
1251,FirstClockLoss,,
2794,V4_R_EXC,,
1271,LIS_R,,
91,RS_LOS,,
62085,DETECTION_OF_TCP_ACK_DOS_ATTACK,,
2777,BAT_OTA,,
2271,SLOT_UP,,
283,LDAUTOOFF,,
62064,Battery recharge Over Volt level,,
1530,TCM1_LINK_REQUEST,,
449,GTOUTB_FAIL,,
2782,MDFA,,
184,LISN,,
1859,CLIETNT_FEC_LOF,,
364,CRQOVF,,
889,GROUP_MS_RDI,,
1317,OTS1_IOP_HIGH,,
288,OBRIDGE,,
410,EDFA2_NO_OUTPUT,,
440,GLCD_FAIL,,
1037,CLIENT_GE_SD,,
1709,TCM1_BEI_UAS,,
60084,OPU_MSIM,ODUk,2
1754,UNM,,
1755,UNP,,
1597,AUTOALARM,,
1826,LCK_LOS,,
1842,TRIB_FEC_LOF,,
2451,TOO_MANY_TDM,,
908,RS_UAS,ODUk,2
2296,LINK_REMOTE_ALARM,,
44,LASER_CLS,,
1786,OTS_TIM,,
49,INV_CODE,,
3378,MODULE_MISMATCH,,
60101,POWERINTERRUPTION,,
1035,MID_IOP,,
1851,AGGR_OPU2_RS_SES_LIMIT,,
135,EYESAFE,OTS,6
2860,OMS_SSF_O,,
2861,OMS_SSF_P,,
3367,FLOW_EWR,,
1186,LOF_E1,,
62114,Link Fault,,
2458,Card LOS,,
1460,COMEBAK,,
2580,LOGIC_ID_CONFLICT,,
389,UPE,,
60130,OPTMODULE_FAIL,,
61028,The ODU2 connection is locked,,
2803,VPWS_NUM_LIMIT,,
2023,M_BSWITCHDIF,,
306,TR_OOF,,
1726,ODU3_LCK,ODUk,2
1906,DOP,,
2584,UPGRADE_FAILURE,,
248,OX_FAIL,,
1945,M_SMCFRDIF,,
2521,DOW,,
1295,-48V2ALM,,
2356,ACV_OVER,,
1997,E1_NOT_INSERT_SUCCEED,,
62014,LOAM_TW,,
1171,U_ROVF,,
636,OTN_LASER_TCT,,
1760,R_LIMIT,,
387,PLD_TCT,,
2295,LINK_OOF,,
3326,TCM5_EXC,,
2639,DOWN_BROARDCAST_FRAMES_OVER_THRESHOLD_WARNING,,
60111,FAN_STOP,,
1428,ROSW_W_P,,
1883,OA_TCT,,
1618,M_BFENBDIF,,
62081,DETECTION_OF_BCA_ARP_DOS_ATTACK,,
1795,VS_MMG,,
724,SW_FAIL.,,
3353,SPANLOSS_WARNING,,
122,AU_AIS,CLIENT,1
536,HT_TIU,,
1424,OTS_P_IOP_LOW,,
942,DCCDISABLE,,
1552,TCM5_SD,,
371,PLD_CCT,,
1748,OSC_ES_LIMIT,,
1393,OTS4_CH_OSNR_SD,,
797,LTITE101,,
1258,LB,,
798,LTITE102,,
953,OSW_E,,
62095,PTP_SLAVE_PORT_SWITCH,,
1935,AGGR_LOOP_ALM,,
3332,MS_ES_LIMIT,,
2307,Atur_15MinLof,,
253,CH_IN_LOS,,
2117,GFP_RDI,ODUk,2
2158,AIS_P,,
2299,MULTI_PORTTEST,,
670,OSC_OOF,,
48,LTIE1_AIS,,
2156,AIS_L,,
3402,MDF,,
2318,NECOMFAIL,,
1627,OTS4_RS232_COMM,,
210,ACALM,,
637,OTN_LASER_CCT,,
2308,Atur_15MinLos,,
60020,ROSW_LOCK_MAIN,,
722,LDL(EOL).,,
232,G1_FAIL,,
1816,CONTEXT_FAIL,,
108,LASER_TCT,,
2565,UPSPEED_THRESHOLD,,
62065,Battery discharge down Volt level,,
666,OSC_OPM,,
2320,Atur_15MinLpr,,
2529,MEM,,
2560,ONU_NGN_SET_FAIL,,
2361,TEMP_HIGH_ALARM(MSAN),,
319,AIS_8M,,
1815,LCLK_LOS,,
141,LTIE1(Hz),,
2588,ETH_PORT_CONGESTION,,
1106,HP_SWR,,
439,CBLORC,,
402,DECODE_FAL,,
2468,ISSUE_ALM,,
2372,E1_AIS(OLD),,
3414,BAT_MISSING,,
16,MFP,,
1598,SCAN_MAN,,
1519,ODU2_AIS,ODUk,2
2485,LOADFUSE,,
3053,RAU_RSL_LOW_ALARM,,
1019,MAIN_NON_ACTIVE,,
42,LASER_CCT,,
29,AIS_T,,
1261,WRNR,,
373,OTALM,,
332,OCPM_COMM,,
60064,BFD_REMOTE_DOWN,,
3356,LOOP_DETECT_ALM,,
2829,IPFRR_LOCK_MAIN,,
370,E14_FAIL,,
1979,LASER_LOS,,
450,SPI_FAIL,,
67,HP_SLU,,
627,CLIENT_RXLOL,,
395,MIDDLE,,
244,WRMUP,,
3401,AIR_CON2,,
3400,AIR_CON1,,
337,RB_V,,
1584,OMS_OLS,,
64,HP_SLM,,
1248,RA,,
1479,LINE_W_LOS,,
1685,TCM1_BIP8_UAS,,
665,MAIN_ILS,,
1433,MAC_ERR,,
305,RF,,
62092,PTP_INPUT_DEGRADATION,,
2531,MIS,,
1664,TCM4_BIP8_SD,ODUk,2
2813,SFP_R_LOS_RECOVER,,
1661,TCM1_BIP8_SD,ODUk,2
1811,SCLK_FAIL,,
61073,OPMACHINE_TEMP_OVER,,
3038,CFM_LOSS_OF_CONTINUITY,,
13,RX,,
1671,TCM3_BIP8_ES_LIMIT,ODUk,2
173,WLOSRCK,,
1901,TRIB_FEC_C_SD,,
62103,PTP_1PPS_TOD_INPUT_DEGRADATION,,
2523,SD,,
238,RF_LIMIT,,
2522,SF,,
2124,BUSALM,,
310,RMT_E,,
1316,OTS2_CH_IOP_LOW,,
669,MAIN_IOP,,
1981,AU_PPJE_ALARM.,,
1448,SW_LOCK,,
2750,F_DISABLE,,
2864,OTS_BDI_O,OTS,6
2865,OTS_BDI_P,OTS,6
2364,TEMP_LOW(MSAN),,
1737,TEMP_HIGH,OMS,5
69,LASERP,OCH,4
1477,L_E1_LOOP,,
2381,PORT_TOTAL_THRESH,,
224,TF,,
1697,TCM5_BEI_ES_LIMIT,ODUk,2
2833,IPFRR_BACKUP_FAULT,,
2712,PON_LINK_LOSS,,
2660,CLOCK_SOURCE_DISSYNC,,
104,V52CO_PR_TIMEOUT,,
524,FEC_C_SD,OTU,3
1823,VEEAlARM-,,
952,OSW_W,,
1426,ROSW_FAIL.,,
85,UA,,
161,RFPE1,,
162,RFPE2,,
62082,DETECTION_OF_BCA_DHCP_DOS_ATTACK,,
106,V52COMM_INT,,
1643,TCM3_AIS,ODUk,2
2613,TEMP_LOW_ALARM,,
1753,MMG,,
60081,ODU_OCI,ODUk,2
1541,TCM3_BEI_SD,ODUk,2
3034,BATTERY_1TEMPRATURE_OVER_THRESHOLD_ALARM,,
294,W_RS_LOF,,
2746,M_BPRODIFS,,
1875,VCLB_LOS,,
3362,SYS_PORT_LOS,,
1650,TCM4_LCK,ODUk,2
2008,M_BCROSDIF_N,,
1305,OTS1_ILS,,
61059,UPGRADE_FAILURE(SODN),,
2687,Command not Authorized,,
2155,RDI_L,,
2157,RDI_P,,
2788,LP_PLM,,
2454,OLT_REGISER_FAILED,,
3340,TX_FORCE_PROTECT,,
61015,Serious defect indication of higher-order channel remote,,
752,LOF_2M,,
1820,ETH_LOC,,
325,RS_SES_LIMIT,,
1513,SM_SD,,
1809,CONFIG_FAIL,,
1850,AGGR_OPU2_RS_ES_LIMIT,,
934,LTIE6-2,,
933,LTIE6-1,,
1891,CLIENT_FEC_D_SD,,
1905,MS_MANUAL_SWITCH,,
2146,LOF_15,,
60068,MON,,
1699,SM_BEI_SES_LIMIT,OTU,3
1405,TX_LOOP_AGSPI,,
2002,M_BSTRURDIF_N,,
2774,ETH_OAM_LT_UNREACHABLE,,
3416,LOAD FUSE_TRIP,,
2009,M_BDCCIRDIF_N,,
726,MS_EXC.,,
60107,CCARD_TIMING_UPGRADE_FAILURE(AC16-NGNE),,
61070,TL1 Log Dumper over,,
1853,CON_FAIL.,,
2640,DOWN_BROARDCAST_FRAMES_OVER_THRESHOLD,,
526,SYNC_LOSS,,
183,TEMP_OVER,,
1432,LCAS_LOM,,
1368,DBL_FAIL,,
1217,PATH_SWR,,
793,ERROR_HW,,
1730,LASER_CUT,,
102,TO_PCT,,
753,DATAPK_ERR,,
470,EXICK12,,
1629,TRIB_LINK_ERR.,,
2312,Lol,,
1772,VS_UNP,,
61066,SUBFRAME SOFTWARE VERSION INCONSISTENT,,
1798,VS_UNM,,
2310,Lop,,
640,CLIENT_LASER_CCT,,
2311,Los,,
1212,RING_FCSERR_PLIMIT,,
860,HP_SD.,,
2491,RECVOLDOWN,,
1861,OTN_PM_TIM,,
678,AIS_34M,,
922,LTIW2-2,,
1181,LOS19MB,,
921,LTIW2-1,,
1180,LOS19MA,,
1249,MRA,,
2501,LOCAL_LOOP,,
2559,PON_PORT_SWITCH_SUCCESS,,
660,SES_LIMIT_T,,
838,CH_OLS_E,,
62020,HFA Input Power Alarm,,
3390,HEAT_EX1 INDOOR FAN,,
2377,SENT_THRESH,,
60071,PUMP_CCT,,
566,RING3_SWR,,
1660,PM_BIP8_SD,ODUk,2
60147,SODN port utilization exceeds the threshold,,
839,CH_OLS_W,,
639,CLIENT_LASER_TCT,,
1408,RPR_SWITCH_MS,,
62089,CODEC_CHIP_INITIAL_FAILED,,
537,HP_UNED,,
1309,DGE_IOP_LOW,,
3073,OPTMODULE_BIAS_OVER_TW,,
1443,CARD_SWITCH,,
65,HP_UNEQ,,
603,FEC_FDI,,
61024,Instructions from ODU1 alarm,,
2804,PW_NUM_LIMIT,,
61058,SLV_FIRWARE_VERSION_NOT_MATCH,,
1409,RPR_SWITCH_FS,,
1254,HP_EXC.,,
62023,HFA Temperature Alarm,,
3322,TCM1_EXC,,
1468,LD_OFF,,
765,PWRB_VEEALM,,
1009,AGGR_LDOFF,,
2355,L2_AUXPROTECT,,
2128,FEALM,,
2349,V5OOS,,
1888,LP_CSES_LIMIT,,
2478,ENV_TEMP_OVER,,
2288,ATUR_PERF_ESS_THRESH_TRAP,,
60075,PUMP_TCT,,
1059,LTITW5-2,,
2006,M_BCTRDIF_N,,
2695,KEYPROCESS_CPU_OVER_THRESHOLD,,
492,RMT_T,,
1139,OSW3_LOCK,,
1058,LTITW5-1,,
2153,LOS_CORE,,
2767,ERPS_SWR,,
60037,ODU1_OOM,,
1256,EER,,
60040,ODU1_OOF,,
62061,PON_MAIN_FIBER_CHANNEL_INFERIOR,,
532,V52CO_P_PERR,,
692,INLOS,,
190,SWTR,ODUk,2
634,CLIENT_IOP,,
1400,RX_LOOP_MAPSPI,,
2024,M_BSWITCHDIF_N,,
1866,OTN_FEC_C_SD,,
1605,OTS1_ADJUST_ERR,,
2671,Unauth_ONU,,
328,PLD-BCT,,
1051,LTITE9-2,,
60145,Service group is being switched,,
1050,LTITE9-1,,
2785,BOARD_MECH_ELEC_ABNOR,,
2479,ARRESTBRK,,
2321,Atur_15MinESs,,
1382,OTS3_IOP_LOW,,
22,EXICK34,,
1419,HP_BE.,,
622,CLIENT_LDAUTOOFF,,
989,ERR6_02,,
62112,Battery bunker door alarm,,
1740,WAV_EXC,OTS,6
1895,VS_SD,,
303,MS_EXC,,
1896,VS_SF,,
693,INLOF,,
988,ERR6_01,,
60050,ODU2_OPU1_TS1_ MISMATCH,,
60059,EXER_SWITCH_SUCCESS,,
1175,I_POLI,,
1724,OTU3_AIS,,
1447,OSW_LOCK,,
1379,OTS4_ILS,,
914,HP_SES_LIMIT,,
1326,OTS2_CH_OSNR_SD,,
1534,TCM2_SD,,
3455,BAT VOLT UNDER,,
1187,CRC_E1,,
3424,MONIT_CONTR_LINK_FAIL,,
2235,RDI11,,
60017,TOSW_FORCE_MAIN,,
2239,RDI15,,
2266,CPU_INVERSION_SUCCESSFUL,,
2238,RDI14,,
784,OSC_EXC,,
2237,RDI13,,
2236,RDI12,,
2243,RDI19,,
2242,RDI18,,
2241,RDI17,,
3044,OPTLOSS_HIGH_WARNING,,
2240,RDI16,,
60014,FORCE_MAIN,OTS,6
1922,LOOP_ALM,ODUk,2
309,R_PPSB_LOS,,
60096,CES_LOFS,,
1278,LOCK_MAIN,,
1446,E155/E4_CARD_SWR,,
1071,LTITW7-2,,
1070,LTITW7-1,,
435,SDH_LOF,,
1545,TCM4_BDI,ODUk,2
1877,VSLB_LOS,,
139,LOCKH,,
62084,DETECTION_OF_TCP_SYN_DOS_ATTACK,,
1194,LIF_LOOPT,,
1300,SWITCH_LOOP,,
2037,RCONTEXT_ACCESS_FAIL,,
2394,US_CLIENT_2_ERR_THRESH,,
1494,DROP_OLS,,
1936,TRIB_LOOP_ALM,,
1193,LIF_LOOPL,,
1608,OTS4_ADJUST_ERR,,
875,TRIB_OPM_HIGH,,
2702,LACP_LINK_DOWN,,
1041,CH1_RLOS,,
1284,OSCLOS_W,,
3327,PM_EXC,,
1356,LP_BBE_LIMIT,,
2071,READ_ENVIRONMENT_TEMP_FAIL,,
2617,PASSWORD_CONFLICT,,
2606,TEMP_HIGH_WARNING,,
259,SPARETRALM,,
877,GROUP_IOP_LOW,,
2255,RDI33,,
2254,RDI32,,
3403,HEATER,,
698,IOP_LOW,OTS,6
2253,RDI31,,
2259,RDI37,,
2258,RDI36,,
2257,RDI35,,
2256,RDI34,,
282,TU_LOM,,
1609,OSW_FORBIDED,,
39,TU_LOP,,
372,Q_V_ABNL,,
2260,RDI38,,
62057,Rectifier Capacity threshold alarm,,
1399,TX_LOOP_MAPMAC,,
386,LOOPL(T),,
1046,TRIB_IOP_HIGH,,
2246,RDI22,,
2245,RDI21,,
2244,RDI20,,
2250,RDI26,,
2249,RDI25,,
2248,RDI24,,
2247,RDI23,,
1121,SHDSL_S/N_LIMIT,,
2252,RDI28,,
2251,RDI27,,
3460,RECITIF MODULE_DC CURR OVER,,
1324,DGE_CH_OSNR_SD,,
1257,CHLB,,
3333,AU_PPJE_LIMIT,,
866,GROUP_TF,,
767,NSCKL,,
2856,OMS_LOS_P,,
62099,PTP_TOTAL_OFFSET_OVERFLOW,,
212,PFA2,,
468,LD_LIFE,,
211,PFA1,,
2095,CLOCK_A_FP,,
2844,M_BAREAKEYDIF,,
214,PFA4,,
213,PFA3,,
216,PFA6,,
2611,INNER_TEMP_LOW(ONU),,
215,PFA5,,
2010,M_BDCCSFDIF_N,,
2867,OTS_BDI,,
61002,Ne Log Dumper over,,
890,TRIB_EOL,,
1398,E1_BUG,,
3358,CFG_EXC,,
1283,OSCLOS_E,,
1658,TCM6_OCI,ODUk,2
2852,MODULE_DC_OVER_VOLT_CLOSE,,
2486,ACMAINFAIL,,
2825,LSP_1B1_NUM_LIMIT,,
1663,TCM3_BIP8_SD,ODUk,2
2354,L2_PROTECT,,
2689,ODN_PORT_LINK_UP,,
138,LOCKL,,
234,TU3_LOP,,
1454,Fdisable,,
62083,DETECTION_OF_IGMP_DOS_ATTACK,,
1033,RF_UF,,
1156,LTILINE4,,
340,LDTEMP,,
1155,LTILINE3,,
1154,LTILINE2,,
1153,LTILINE1,,
1668,PM_BIP8_ES_LIMIT,ODUk,2
552,EOL,,
1160,LTILINE8,,
1159,LTILINE7,,
1158,LTILINE6,,
1157,LTILINE5,,
2421,SLOT_INITSUCCESS_TRAP,,
968,CH2_TSW,,
2106,CHIP1_TEMP,,
2802,FL_IPV6_BOTH,,
61032,MPLS-TP virtual path interval mismatch,,
607,HP_SD,,
1349,LP_UNEQ.,,
326,SLIP_E,,
2285,ATUR_PERF_LOFS_THRESH_TRAP,,
61050,PTP_HOLD_ALM,,
61052,DCVOLDOWN_WARNING,,
2515,ONU Env. Temp,,
60103,Unexpect MEG ID,,
3461,RECITIF MODULE_TEMP OVER,,
62024,HFA Pump1 Current Alarm,,
1894,CLIENT_PM_C_SD,,
713,OSC_AIS.,,
261,LIS_2M,,
1126,SHDSL_UAS,,
1473,R_OPT_OOF,,
385,MUXFAULT,,
2621,UP_BIP8_OVER_THRESH_ALARM,,
285,WORK_ER,,
2413,EQUIPMENT_TYPE_MISMATCH,,
1114,SHDSL_LOS,,
2585,EQUIPMENT_CAPABILITY_MISMATCH,,
383,DOOR_OPEN,,
179,LDPALM,,
1564,RS_SDH_TIM,,
1518,ODU1_OCI,ODUk,2
848,OSW1_FAIL,,
2683,Performance History Lost,,
896,TRIB_RS_UAS,,
1868,OTN_PM_C_SD,,
1508,TRIB_GFP_CSF,,
781,OSC_2M1_AIS,,
2700,BATTERY_HUM_OVER,,
2792,V4_ARP_EXC,,
2408,SLOT_INITSUCCESS,,
1313,OTS1_IOP_LOW,,
1481,LINE_W_FAULT,,
1505,TRIB_GFP_LFD,,
1592,VCG_FAIL,,
981,NSCLK,,
62013,LOA_TW,,
869,TRIB_RS_LOF,,
320,ETF,,
944,OCH_EQ,,
1452,OOP_HIGH,OTS,6
2042,LIGHTNING_PRO_FAIL,,
907,LTIE_Hz,,
2703,XG_OPTMODULE_BIAS_OVER,,
1351,TU_PPJE_ALARM,,
2693,POWER_LOW_48V,,
621,CLIENT_LDMANOFF,,
2757,DISK_USE_PER_OVER,,
943,OSWST.,,
570,RING7_SWR,,
1710,TCM2_BEI_UAS,,
105,V52CO_PR_L3ERR,,
365,WEST_P,,
430,CBLOF,,
2801,FL_IPV6_ONE,,
3393,HEAT_EX2 OUTDOOR FAN,,
1670,TCM2_BIP8_ES_LIMIT,,
3061,ODU_RSL_HIGH_ALARM,,
1921,RLOS,OTS,6
700,SDH_SES_LIMIT,,
1531,TCM1_LTC,ODUk,2
659,ES_LIMIT_T,,
1219,TX_SFI5_SKEW,,
1836,LOCK_WORK,,
60083,OPU_PLM,ODUk,2
701,SDH_UAS,,
901,GROUP_MS_SES_LIMIT,,
1289,MAINL_IOP_LOW,,
3429,HUMIDITY1 OVER,,
684,SDH_LOS,,
699,SDH_ES_LIMIT,,
60093,FRR_SWTR,,
1525,PM_LINK_REQUEST,,
1954,PTP_PORT_ALM,,
1766,VS_LOC,,
599,CAR_ERR,,
1984,GELOOPL,,
1288,BACK_L_ILS,,
1020,EXERCISE_SUCCESS,,
1916,VC_SD,,
1083,HP_RDI_S/C,,
60144,Service group is offline,,
62109,TRANS_RESOURCE_SERVER_EXCEPTION,,
1947,M_SDCCDIF,,
1917,VC_SF,,
1082,POWERALM-5V,,
264,W_IN_LOS,,
1574,OCH_IOP_LOW_P,,
59,HP_AIS,,
1789,VC_AIS,,
1620,M_BDCCIRDIF,,
1573,OCH_IOP_LOW_W,,
3072,OPTMODULE_VOL_OVER_TW,,
336,INSOC,,
586,I_LOS,,
652,OS_SD,,
2284,ATUC_INIT_FAILURE_TRAP,,
3385,FIRE,,
182,VLIMIT,,
1855,SM_TIM.,,
1480,LINE_P_LOS,,
1654,TCM2_OCI,ODUk,2
963,CH1_RSW,,
2518,Illegal user operate,,
706,HP_TIU.,,
2742,M_BPRODIF,,
2685,User Login Failed three times,,
490,GDATA_ERROR,,
588,AIS_MS,,
2845,RECT_MODULE_FAULT,,
61001,System Log Dumper over,,
1225,BAK_XCU_ALARM,,
3083,TEMP_LOW_ALARM_TW,,
1224,MAIN_XCU_ALARM,,
2105,CHIP3_LOS,,
188,USERDEF,,
1172,FC_IOVF,,
1802,VS_LCK,,
2651,UP_OVER_SIZE_FRAMES_OVER_THRESHOLD_WARNING,,
60060,EXER_SWITCH_FAIL,OCH,4
1969,DCCABORT_R,,
1972,DCCABORT_M,,
2854,MODULE_AC_POWER_FAIL,,
547,RS_EXC,,
1024,TC_APIM,,
3062,LINK8_BER_ALARM,,
60143,Service group has faulted,,
1614,M_BMCFRDIF,,
1885,MS_CSES_LIMIT,,
696,SDH_TIM,,
1495,EXP_ILS,,
1385,OTS4_CH_IOP_LOW,,
1602,OTS2_RECOG_ERR,,
1844,AGGR_SM_TIM,,
1960,E1_LOOPL,,
1882,OA_CCT,,
1451,OOP_LOW,OTS,6
2537,STANDBY_POWER_INPUT_FAIL,,
2231,RDI5,,
2232,RDI6,,
2229,RDI3,,
2230,RDI4,,
2227,RDI1,,
2228,RDI2,,
835,OTN_LASERP.,,
1315,OTS2_IOP_LOW,,
2815,MAIN_SUB_PASS_ALM,,
62033,Fan Temperature Alarm,,
61054,ENV_TEMP_DOWN_WARNING,,
61062,SUBFRAME LOCATION CHANGE,,
1091,MS_PROT_LOCK,,
3462,STORAGECARD_FAIL,,
401,EDFA1_NO_OUTPUT,,
2062,FCS_ERR,,
112,CH_ILS,,
917,LTIW1-1,,
987,ERR3_02,,
986,ERR3_01,,
1455,REMOTE_LOOPTEST,,
2359,DCV_LOW,,
2463,OPTMODULE_RXPOWER_OVER,,
1667,SM_BIP8_ES_LIMIT,OTU,3
1394,OTS3_FPL,,
1501,OCH_BLOCK,,
1708,PM_BEI_UAS,,
2734,TCM4_SSF,ODUk,2
268,OX_DATA,,
585,OM_OD_TEMP,,
2233,RDI7,,
2234,RDI8,,
1765,LSYN_LOC,,
1167,PHY_TOVF,,
1512,SM_BDI,OTU,3
778,OSC_2M2_LOS,,
2399,GateTimeout,,
60043,ODU0_LOF,,
1812,2M_LOS,,
1358,CFG_MISMATCH.,,
60042,ODU0_LOM,,
2003,M_BMCFRDIF_N,,
918,LTIW1-2,,
62073,Battery Cell discharge volt down,,
438,LD_I_HIGH,,
2525,RDI(OLD),,
61025,The ODU1 connection is locked,,
2078,GMP_SD,,
2459,OPTMODULE_TEMP_OVER,,
3348,TX_P_TO_W,,
61030,MPLS-TP imaginary time interval mismatch,,
1595,BKIP_ERR,,
2765,FLOW_LOW,,
3381,ARP_BACKUP_FAIL,,
2026,ADC_ALM,,
45,COMEBRK,,
60097,E1_CRC,,
977,RING6_SWR.,,
2795,V6_R_EXC,,
3066,LINK4_BER_ALARM,,
60004,PM_THRESHOLD_MINOR,,
495,GCTRL_ERROR,,
2112,FAIL,OTS,6
1840,AGGR_ODTU23_FEC_LOF,,
114,ASICE,,
302,RB_TEMP,,
2691,POWER_LACK,,
2344,E1_LFA,,
1787,FDI,OCH,4
3443,HEAT_EX1 VOLT OVER,,
1770,HP_PPJE_ALARM,,
972,MAIN_MON_ACTIVE,,
2575,TIME_LOSS,,
1323,OTS2_CH_WAV_EX,,
2054,TOD_CRC_ERR,,
86,NUA,,
366,FALM,,
2655,UP_OCTETS_TRANSFERRED_OVER_THRESHOLD_WARNING,,
1756,PM_OCI,ODUk,2
1686,TCM2_BIP8_UAS,,
317,OP_LIMIT,,
1994,ETHLB_LOS.,,
109,CH_IOP,,
2476,OVERCURRE,,
1911,ALM_BACKUP_CH,,
2652,UP_OVER_SIZE_FRAMES_OVER_THRESHOLD,,
60086,BPORT_LOF,,
1000,AGGR_RS_SD,,
3328,OTU_EXC,,
60087,BPORT_LOS,,
245,WORK_WR,,
1567,LASER_OPM_HIGH.,,
62088,DETECTION_OF_UDP_DOS_ATTACK,,
2035,ODU0_LCK,ODUk,2
62060,BETWEEN_CARDS_CRC_ OVER_THRESHOLD,,
1142,T_LCD,,
378,SREF_FAIL,,
60120,DEACTIVATE_FAIL,,
62096,PTP_GM_CLOCK_SWITCH,,
14,LD_TEMP_H,,
1506,TRIB_GFP_SD,,
1761,PCS_ENCODERR_SD,CLIENT,1
1265,BLOCK,,
1920,RCONTEXT_PACKET_LOS,,
3075,LOAD_MODE_MISMATCH,,
249,PALM1,,
1197,XGXS_LOOPRT,,
3388,FAN1,,
3412,AC CIRCUIT_BREAKER TRIP,,
3389,FAN2,,
533,V52CO_PS_TIMEOUT,,
270,PALM2,,
2426,CRC_THRESHOLD,,
2784,K60_COM_ABNORMAL,,
1702,TCM2_BEI_SES_LIMIT,ODUk,2
60128,OMCI_CHANNEL_LOS,,
1762,OMS_PMI,OTS,6
1808,PORT_MIRROR,,
1038,HP_REI,,
7,HP_RDI,,
1745,MANUAL_CONTROL,OTS,6
60124,CCM XCon,,
961,ROSW_FAIL,,
2786,E1_RMFAI,,
734,CH2_MAIN_SUB,,
788,DCCABORT,,
3360,MCAST_LIMIT,,
2692,LINK_ID_ERROR,,
62062,UP_CRC_RATIO_ OVER_THRESHOLD,,
859,LASER_OPM_HIGH,,
535,V52CO_BC_TIMEOUT,,
1198,XGXS_LOOPTX,,
1250,CRCMRA,,
2494,HEATFAIL,,
2629,UP_UNICAST_FRAMES_OVER_THRESHOLD_WARNING,,
2720,BMU_ABNORMAL,,
3366,PDP_LIGHTNING_FAIL,,
978,RING7_SWR.,,
2196,LCD4,,
2195,LCD3,,
2194,LCD2,,
2193,LCD1,,
2200,LCD8,,
1339,GFP_CSF,ODUk,2
2199,LCD7,,
2615,UP_SPEED_OVER_THRESHOLD,,
1646,TCM6_AIS,ODUk,2
2198,LCD6,,
2197,LCD5,,
809,LTITE31,,
810,LTITE32,,
62053,HEATEX_INTRAN_FAULT,,
1205,RING_RX_TTL0_BLIMIT,,
2759,ODU_PULL,,
3050,RAU_FAULT,,
2524,LCDG,,
1370,NBR_DOWN,,
2519,local User operate log,,
518,LTIT32,,
1166,MISS_ROUTE,,
514,LTIT30,,
516,LTIT31,,
580,VP_P,,
61016,High-level channel remote connection type defect indication,,
62107,DELAY_RESP_RX_TIMEOUT,,
126,V52LCERR,,
812,LTITE42,,
1720,CARD_TCT,,
99,OSC_SD,,
1467,BACKUP_DOWN,,
1932,WRAP_SWITCH,,
811,LTITE41,,
1548,TCM4_LINK_REQUEST,,
1359,SDH_E1,,
1860,OTN_FEC_LOF,,
1244,FLA,,
2758,LOS_LOCK,,
489,LTIT21,,
2374,TOO_SHORT_THRESH,,
493,LTIT22,,
60076,OTU_AIS,OTU,3
26,LTIT20,,
1967,EMU_FAULT,,
501,LTIT25,,
503,LTIT26,,
496,LTIT23,,
2011,FAIL_P,,
498,LTIT24,,
512,LTIT29,,
2616,DOWN_SPEED_OVER_THRESHOLD,,
506,LTIT27,,
509,LTIT28,,
1752,LSP_RDI,,
3084,NBI_STATUS_EXCEPTION,,
2589,E1_TIMING_UNLOCK,,
2729,OTU4_SSF,OTU,3
242,LFA_34M,,
2477,HUM_OVER,,
1589,GFP_TSF,,
1374,POWERALM_R,,
454,LTIT10,,
460,LTIT11,,
237,MAINTRALM,,
20,LTIT14,,
472,LTIT15,,
464,LTIT12,,
467,LTIT13,,
24,LTIT18,,
2140,LOS_OE3,,
483,LTIT19,,
1930,WRAP_LOCK_WORK,,
2141,LOS_OE4,,
474,LTIT16,,
2290,LOS_OE1,,
23,LTIT17,,
2291,LOS_OE2,,
233,RUPH_LMAN,,
2798,MACL_EXC,,
2138,LOS_OE5,,
2139,LOS_OE6,,
230,CTANK,,
1903,TRIB_SM_C_SD,,
2336,duplicateMacRegistration,,
2222,LCD34,,
2223,LCD35,,
2220,LCD32,,
2221,LCD33,,
2656,UP_OCTETS_TRANSFERRED_OVER_THRESHOLD_ALARM,,
2219,LCD31,,
447,GTOUTA_FAIL,,
1793,VC_MMG,,
1902,TRIB_FEC_FDI,,
1206,RING_RX_OSZ_PLIMIT,,
1632,10GE_SD,,
3387,SURGE PROTECT,,
307,Q_TEMP,,
1565,LDOFF,,
2226,LCD38,,
2224,LCD36,,
2225,LCD37,,
1376,FPGAALM,,
2144,FOI,,
1601,OTS1_RECOG_ERR,,
1276,NODE_FAIL,,
397,OLOS,,
62011,RDI_TW,,
1721,PACKET_SD,CLIENT,1
2783,HIT_ALM,,
2555,UNEXPECT_PERIOD,,
1502,LTI.,,
1097,LTI4,,
1096,LTI3,,
1095,LTI2,,
1094,LTI1,,
676,LOS_8M,,
1101,LTI8,,
1100,LTI7,,
1099,LTI6,,
1098,LTI5,,
681,V5P_POWER_LOS,,
2327,XA32_RATE_THRESH,,
2534,ONU_LOF,,
583,CH_IOLS,,
561,ACBRKOPEN,,
125,V52PSTNERR,,
2080,MCCABORT,,
2202,LCD12,,
2203,LCD13,,
2201,LCD11,,
1575,OSW_FAIL_R,,
1576,OSW_FAIL_T,,
1372,REFCLK_FAIL,,
1308,OTS2_CH_ILS,,
1453,fONLY,,
1723,GFP_SD,ODUk,2
2208,LCD18,,
477,EXI1,,
2209,LCD19,,
480,EXI2,,
2206,LCD16,,
25,EXI3,,
2207,LCD17,,
486,EXI4,,
2204,LCD14,,
36,LP_UNEQ,,
2205,LCD15,,
2213,LCD23,,
2214,LCD24,,
2211,LCD21,,
2212,LCD22,,
2475,DCVOLDOWN,,
2210,LCD20,,
1072,LTITW8-1,,
1073,LTITW8-2,,
1245,MFLA,,
2517,Illegal user login,,
3423,RECITIF MODULE_ACTIVE FAIL,,
1141,OCD,,
62106,SYNC_RX_TIMEOUT,,
3317,OCI,OCH,4
57,V52CO_LC_PERR,,
60031,OTU1_LOF,,
2217,LCD27,,
2218,LCD28,,
2877,CRITICAL_EVENT,,
2215,LCD25,,
368,LOOP(T),,
2216,LCD26,,
60030,OTU1_LOM,,
60108,Y1731_REMOTE_DEFECT_INDICATION,,
61071,PROJECT ALARM SHIELD,,
2414,V5_OOS,,
60003,PM_THRESHOLD_MAJOR,,
1889,CLIENT_PM_TIM,,
2116,REM_FAULT,CLIENT,1
62037,Uart Communication Fail,,
293,CESIUM_FAIL,,
1837,WTR,,
1022,ODI,,
904,BACK_ILS,,
2809,Remote_Device_Power_UP,,
2134,MATRIX UNAVAILABLE,,
484,G2_STATUS,,
2384,DS_ERR_THRESH,,
2654,DOWN_OVER_SIZE_FRAMES_OVER_THRESHOLD,,
1780,REMOTE_LINK_LOS,,
50,FSW,,
704,HP_TIM.,,
1021,OEI,,
2337,reportTimeout,,
1821,ETHLB_LOS,,
1215,RING_PMDERR_BLIMIT,,
2137,TEMP_LIMIT_ALARM,,
1417,TOSW_FAIL.,,
2428,DOWN_CRC_ERROR_THRESHOLD,,
250,W_SPI_LOS,,
218,NECFAIL,,
589,RDI_MS,,
1387,OTS4_IOP_HIGH,,
348,ET_IN,,
1841,TIRB_TF,,
1236,ADDR_OVERLAP,,
1999,WORK_LOCK,,
595,TX_ERR,,
62102,PTP_1PPS_TOD_INPUT_LOS,,
2352,L2_BCC,,
2832,IPFRR_SWTR,,
1827,LASER_OFF.,,
1395,OTS4_FPL,,
735,CH3_MAIN_SUB,,
134,PWRLOW,,
737,CH1_SUB_MAIN,,
523,LTIE1_HDB3,,
771,CH_IOP.,,
1362,AGGR_SDH_LOS,,
3397,HEAT_EX2 OUTDOOR CTROL,,
851,P_W_LINE1,,
853,P_W_LINE2,,
2070,SET_GAIN_LOW,,
60139,Agent is faulted,,
60073,OTP_IOP_LOW,,
62069,Battery volt sensor breakdown,,
62072,Battery Cell recharge volt over,,
61065,eID REPEAT,,
2409,SLOT_DOWNORUP,,
1662,TCM2_BIP8_SD,ODUk,2
2704,XG_OPTMODULE_TXPOWER_OVER,,
2325,ATUC_DOWNRATE_UNDER_THRESHOLD,,
1216,RING_RX_SAERR_PLIMIT,,
62021,HFA Input Power Los Alarm,,
2387,US_CLIENT_1_ERR_THRESH,,
2706,XG_OPTMODULE_BIAS_LOW_ALARM,,
60091,LB_LOS,,
34,LP_SLM,,
1466,PRIMARY_DOWN,,
2000,M_BADDRDIF_N,,
2847,MODULE_PROTECT,,
2075,ODU4_LCK,ODUk,2
147,RAPSCW1,,
148,RAPSCW2,,
2267,SLOT_LOPS_TRAP,,
62029,HFA Pump3 Temperature Alarm,,
1325,OTS1_CH_OSNR_SD,,
1805,IOPM_LOW,OMS,5
2516,LASER_ALWAYS_ON,,
1204,RING_RX_TTL0_PLIMIT,,
60057,OPU1_TS1_ MISMATCH,,
3031,ETH_PORT_LOS(OLD),,
1125,SHDSL_SES_LIMIT,,
1138,OSW2_LOCK,,
2313,LINE_LOF,,
2376,RECV_THRESH,,
2404,CommuError,,
1476,CHANNEL_ILOOP,,
2119,M_SSWITCHDIF_N,,
390,EDFA2_NO_INPUT,,
1214,RING_PMDERR_PLIMIT,,
241,LFA_8M,,
610,SUB_MAN,,
60140,Resource state is unknown,,
3029,UNEXPECT_PERIOD10,,
323,LDLIFE,,
1389,OTS4_CH_IOP_HIGH,,
3030,UNEXPECT_PERIOD11,,
1535,TCM2_BEI_SD,ODUk,2
584,CH_IOSD,,
1538,TCM3_TIM,ODUk,2
1892,CLIENT_PLM,,
284,S_LOS,,
2350,L2_PSTN,,
2780,EC_FFA,,
528,LTIE2_AIS,,
667,OSC_IOP,,
1342,AU_NPJE_ALARM,,
62090,DC_FAIL,,
540,MS_SES_LIMIT,,
997,AGGR_RF,,
780,OSC_OH_AIS,,
1031,AGGR_SD,,
339,LFA(OOF),,
1982,AU_NPJE_ALARM.,,
1731,OLS,OTS,6
2427,UP_CRC_ERROR_THRESHOLD,,
3415,BAT_FAIL,,
3338,REMOTE_CABLE_LOS,,
576,EXCHALM,,
1010,CH_LOS,,
62070,Battery current sensor breakdown,,
1195,LIF_LOOPTA,,
1011,CH_OPM_LOW,,
2483,ACVOLFAIL,,
1649,TCM3_LCK,ODUk,2
1933,Client_LOOP_ALM,,
3331,RS_ES_LIMIT,,
736,CH4_MAIN_SUB,,
2309,Frame error,,
1934,OTN_LOOP_ALM,,
61020,Low-level channel remote receiver failure,,
2607,TEMP_LOW_WARNING,,
2776,EC_OTA,,
60123,CCM Error,,
1776,CUR_LOCK,,
695,TRIB_SWR,,
62119,Ont arrearage status lamp alarm,,
1143,T_OCD,,
2800,FL_IPV4_BOTH,,
1004,AGGR_TF,,
1290,BACKL_IOP_LOW,,
2314,PORT_COMFAIL,,
1063,LTITE3-2,,
2330,eponPdsLaserTf,,
62052,HEATEX_OUTFAN_FAULT,,
613,OTN_AUTOOFF,,
1988,WADJUSTS,,
1062,LTITE3-1,,
1986,WADJUSTR,,
1725,ODU3_AIS,ODUk,2
1955,TMP_AIS.,,
2495,SHAKE,,
1987,WADJUSTP,,
1949,M_SFENBDIF,,
278,E_SPI_LOS,,
527,V52CO_C_TIMEOUT,,
638,CLIENT_LASERP,,
2094,CLOCK_A,,
2096,CLOCK_B,,
2612,TEMP_HIGH_ALARM,,
181,LDL(EOL),,
2329,eponPdsLaserTd,,
1989,WADJUSTF,,
2843,M_BLOOPBACKDIF,,
2016,WADJUSTD,,
9,HP_RDI_C,,
107,LASER_TF,,
451,OOF,,
381,TEMP_ABNL,,
649,W_P,,
1084,HP_RDI_L,,
202,OOL,,
2647,UP_COLLISIONS_OVER_THRESHOLD_WARNING,,
313,OOP,,
8,HP_RDI_S,,
881,TRIB_MS_SD,,
1120,SHDSL_LINEATT_LIMIT,,
3413,BAT_DISCHARGE,,
72,LOOPL,,
2019,CARD_LOCK_MAIN,,
2326,XA32_ATUC_ATUR_RATE_THRESH,,
2294,LINK_AIS,,
2272,SLOT_DOWN,,
193,OPM,,
581,COL_ERR,,
2028,MOLS,,
2716,DOWN_BROADCAST_SPEED_OVER_THRESHOLD,,
2878,CARD_STATE_CHANGE,,
871,TRIB_RS_TIM,,
3056,RAU_LASER_RX_POWER_LOW_ALARM,,
61014,Higher order path remote defect indication,,
1977,.PM_TIM,,
169,F1EL,,
1974,PORT_OFF,,
1879,TDCM_CONFIG_FAIL,,
2681,Command Log Dumper over,,
663,OSC_ILS,,
60015,FORCE_PROTECT,OTS,6
51,V52CO_P_TIMEOUT,,
1296,PUMP_TF,,
1694,TCM2_BEI_ES_LIMIT,ODUk,2
1001,AGGR_RS_SES_LIMIT,,
2032,MOOP_LOW,,
1642,TCM2_AIS,ODUk,2
1799,VC_UNP,,
1822,VCCAlARM+,,
2331,eponPdsOnuSuf,,
2422,ONU/BTU_UNAUTHENTICATED,,
1207,RING_RX_OSZ_BLIMIT,,
2634,UP_MULTICAST_FRAMES_OVER_THRESHOLD,,
1796,VC_UNM,,
1281,MON1,,
2013,MANUAL_CARD_SWITCH,,
356,RB_Q_V,,
1282,MON2,,
208,MON3,,
1421,OTS_P_ILS,,
1471,OPT_OOF,,
1397,MON8,,
1297,PUMP_SD,,
2044,MON9,,
207,MON4,,
206,MON5,,
205,MON6,,
2805,LSP_NUM_LIMIT,,
62015,UP_BIP8_OVER_THRESH_ALARM_TW,,
1396,MON7,,
3355,CARD_MISMATCH,,
951,OSW,,
3325,TCM4_EXC,,
146,OUTL,,
697,SDH_SD,,
377,TR_UNEQ,,
140,OUTH,,
330,OTF,,
61035,EMSALARM_LICENSE_SYSMAX_THRESHOLD,,
2627,DOWN_TOTAL_FRAME_OVER_THRESHOLD_WARNIN,,
2571,ATUR_ES_OVER_THRESHOLD,,
1677,TCM1_BIP8_SES_LIMIT,ODUk,2
2342,GID_MISMATCH,,
2840,VPNFRR_SWTR,,
60009,M_BMCCDIF,,
10,PJE_LIMIT,,
545,V52BCCERR,,
2297,CARD_TYPE_NOT_IDENTICAL(MSAN),,
1232,SM_TIM,OTU,3
2507,AC16-C_V5 OOS,,
61057,BATTERY_TEMPRATURE_LOW_THRESHOLD_WARNING,,
1963,TEL_FAILT,,
2682,System Collection Info Dumper over,,
1700,PM_BEI_SES_LIMIT,ODUk,2
3439,AIR_CON1_TEMP OVER,,
716,MS_EXBER.,,
856,T_OOF,,
62074,Battery Cell recharge current over,,
97,OSC_AIS,,
705,LASER_CCT.,,
60066,PRBS_ENABLE,OCH,4
1524,PM_BEI_SD,ODUk,2
61027,Instructions from ODU2 alarm,,
61060,DROPPED_PROPOTION_OVER_THRESHOLD,,
938,LTIE8-2,,
405,PWFALM,,
937,LTIE8-1,,
1557,TCM6_BDI,ODUk,2
2366,MGC_DISCONNECTED(MSAN),,
3011,UNEXPECT_MEP_ID2,,
3013,UNEXPECT_MEP_ID4,,
3012,UNEXPECT_MEP_ID3,,
3015,UNEXPECT_MEP_ID6,,
60115,License Rrc Over Threshold,,
3014,UNEXPECT_MEP_ID5,,
2707,XG_OPTMODULE_BIAS_LOW_WARNING,,
3017,UNEXPECT_MEP_ID8,,
3016,UNEXPECT_MEP_ID7,,
3048,BATTERY_4TEMPRATURE_OVER_THRESHOLD_ALARM,,
1457,UNDER_SHOOT_LIMIT,,
3018,UNEXPECT_MEP_ID9,,
62009,SD_TW,,
3417,BAT FUSE_TRIP,,
1150,AGGR_FEC_C_SD,,
2435,NO_OPTICS_SIGNAL,,
1927,TMP_FDI,,
201,LCOOLC2,,
200,LCOOLC1,,
2628,DOWN_TOTAL_FRAME_OVER_THRESHOLD,,
247,OUTFAIL,,
3352,LAG_MEMBER_DOWN,,
2145,LOS_15,,
2642,UP_FRAMES_DROPPED_OVER_THRESHOLD,,
61040,LOCK_SWITCH,,
1713,TCM5_BEI_UAS,,
1475,CHANNEL_ELOOP,,
1331,OSC_SES_LIMIT,,
1203,SPBW_EMPTY,,
61012,PDH physical interface signal is lost,,
2029,MIOP_LOW,,
2021,CARD_MANUAL_SWITCH,,
1718,FAR_SF,,
60055,ODU0_PIM_TIM,,
928,LTIW4-2,,
1034,TF_UF,,
927,LTIW4-1,,
2489,RECISSALM,,
1335,POWERALM-48V2,,
90,RS_OOF,,
1450,DCVOLDOWN.,,
2752,PCS_HI_BER,,
116,TSLEO,,
590,ES_LIMIT_MS,,
903,GROUP_MS_UAS,,
3359,BCAST_LIMIT,,
103,V52C0_BC_PERR,,
115,TSLEI,,
1678,TCM2_BIP8_SES_LIMIT,ODUk,2
1334,POWERALM-48V1,,
2152,WAN2_LCD,,
2667,DOWN_UNDER_SIZE_FRAME_OVER_THRESHOLD,,
1345,HP_UNEQ.,,
1993,SWITCH_LOOP.,,
2839,VPNFRR_BACKUP_FAULT,,
565,RING2_SWR,,
738,CH2_SUB_MAIN,,
1741,OSNR_LOW,OTS,6
544,V52PCERR,,
677,LOS_2M,,
2598,RX_POWER_HIGH_WARNING,,
414,THUNDER,,
411,DOWNE,,
878,GROUP_IOP_HIGH,,
612,OTN_LDMANOFF,,
1938,MISS_ROUTE.,,
415,RMS_AIS,,
1434,VC_LOM,,
1948,M_SCTRDIF,,
1588,LCAS_FAIL,,
2371,E1_LFA(MSAN-E1),,
2554,UNEXPECT_MEP_ID,,
1788,VC_LOC,,
582,ALN_ERR,CLIENT,1
1496,EXP_OLS,,
1838,AGGR_OPU2_RS_LOF,,
296,START_FAIL,,
2017,SELF_OFF,,
1247,SkyLineTxErr,,
1835,LOCK_PROTECT,,
994,AGGR_LDTCT,,
60036,ODU2_OOF,,
1956,CREATE_FAIL,,
487,GCLKG_FAIL,,
3433,BAT_TEMP OVER,,
3033,E1_TIMING_UNLOCK(OLD),,
976,LT_ALM,,
2265,REMOTE-LOSE,,
1201,PROT_DIF,,
96,OSC_FERF,,
966,CH4_RSW,,
1890,CLIENT_SM_TIM,,
444,RECT_ERROR,,
1657,TCM5_OCI,ODUk,2
61022,Instructions from OTU1 alarm,,
1943,M_SCFGRDIF,,
60051,ODU2_OPU1_TS2_ MISMATCH,,
61075,OPMACHINE_RXLEVEL_OVER,,
962,TOSW_FAIL,,
1134,LOOP_2M4,,
1133,LOOP_2M3,,
1132,LOOP_2M2,,
1131,LOOP_2M1,,
60048,ODU2_ODTU21_GMP_C8_ERROR,,
329,W_UNLOCK,,
1287,MAIN_L_ILS,,
60033,ODU2_OOM,,
1623,LOOP_2M.,,
1679,TCM3_BIP8_SES_LIMIT,ODUk,2
1985,ETH_MEL,,
1023,TC_AIS,,
2005,M_BDCCDIF_N,,
61061,eID LOST,,
2724,MICRO_SWITCH,,
1367,CC_FAIL,,
553,TLIMIT,,
1008,AGGR_LDCCT,,
2431,ILLEGAL_ONU/BTU_REGISTE,,
531,V52CO_C_PERR,,
1852,AGGR_OPU2_RS_UAS,,
1291,OSW_MANUAL,,
1463,RPR_SWITCH_WRAPPING,,
1246,CRCMFLA,,
718,RS_EXBER.,,
712,OSC_FERF.,,
769,OTN_SDH_EXBER,,
1990,ETH_UNL,,
1829,ETH_UNM,,
2499,AIRCONDITION,,
2808,Port_Mode_Change,,
61034,EMSALARM_LICENSE_CLIMAX_THRESHOLD,,
1437,PPI_LOF,,
1806,OOPM_HIGH,OMS,5
2462,OPTMODULE_TXPOWER_OVER,,
876,GROUP_OPM_HIGH,,
1830,ETH_UNP,,
2068,IP_UNM,,
2680,User Log Dumper over,,
2069,IP_UNP,,
3,PPI_LOS,,
1757,PM_LCK,ODUk,2
1549,TCM4_LTC,ODUk,2
61048,PPS_ALM,,
62026,HFA Pump2 Current Alarm,,
1075,LTITW9-2,,
1074,LTITW9-1,,
664,MAIN_OLS,,
2323,EgpNeighLoss,,
694,BRIDGE_SWITCH,,
2439,HCU ALARM,,
2631,DOWN_UNICAST_FRAMES_OVER_THRESHOLD_WARNING,,
1338,LINE_DISABLE,,
87,TLCK,,
73,BBE_LIMIT,,
1546,TCM4_SD,,
1435,LAN_ILOOP,,
2383,DS_LOSS_THRESH,,
2416,155_OPTICAL_LFA,,
170,F1WL,,
1966,ACU_FAULT,,
782,OSC_2M2_AIS,,
2281,ATUC_PERF_ESS_THRESH_TRAP,,
2530,PEE,,
151,RFPW1,,
152,RFPW2,,
1692,PM_BEI_ES_LIMIT,ODUk,2
2102,CHIP3_FAIL,,
2423,AC16_SYNC,,
906,IOP_HIGH,OTS,6
428,R_P_LOW,,
2853,LINK_CRC_LIMIT,,
2292,Remote Defect Indication Line,,
61064,eID MISMATCH,,
1914,VP_SD,,
62050,HEATEX_VOLDOWN,,
1915,VP_SF,,
431,LP_RFI,,
3440,AIR_CON2_TEMP OVER,,
569,RING6_SWR,,
2415,155_OPTICAL_LOF,,
3370,M_BPROTOCOLDIF_N,,
772,MS_LOCK_SWITCH,,
123,MS_LOF,,
61010,SDH physical interface signal is lost,,
1719,CONF_MISMATCH,OTS,6
2065,IP_LOC,,
2561,ONU_NGN_VERSION_ERROR,,
1637,OTRX_ABSENT,,
1942,M_SADDRDIF,,
2417,155_OPTICAL_LOS,,
1846,AGGR_PM_C_SD,,
2397,TransmitDegrade,,
668,MAIN_OPM,,
311,E11_FAIL,,
1571,OCH_FAULT_P,,
1570,OCH_FAULT_W,,
61003,Event Log Dumper over,,
1503,DCCINVALID,,
2429,SLOT_DOWN_AND_UP,,
3009,CCM LOC10,,
3010,CCM LOC11,,
1042,CH2_RLOS,,
1585,OMS_DROP_OLS,,
2380,JABER_THRESH,,
32,LP_RDI,,
2347,E1_RAI,,
604,GE_SD,,
3042,OLT_PON_LOOPBACK,,
727,AIS_8M.,,
617,OTN_TXLOL,,
2353,L2_LINKCTRL,,
62097,PTP_CLOCK_STATUS_SWITCH,,
2824,VPLS_NUM_LIMIT,,
2085,POWER_LIGHTNING_FAIL,,
2787,HP_PLM,,
1319,OTS2_IOP_HIGH,,
2858,OMS_FDI,,
276,P_PPS_LOS,,
312,OAFAIL,,
37,LP_REI,,
1404,RX_LOOP_MDDLINE,,
1964,DCCDISABLE_R,,
1971,DCCDISABLE_M,,
301,R_PPSA_LOS,,
1040,TC_REI,,
1983,GELOOP,,
2391,DS_NET_2_CRC_THRESH,,
1951,M_SDCCIRDIF,,
2645,UP_CRC_32_ERRORS_OVER_THRESHOLD_WARNING,,
1807,OOPM_LOW,,
133,RS_SD,ODUk,2
1474,R_E1_LOS,,
1976,.SM_TIM,,
38,LP_AIS,,
362,HUMID_OVER,,
1029,TC_RDI,,
2091,3.3V_IO,,
1539,TCM3_BDI,ODUk,2
1638,RS_SF,ODUk,2
1810,MCLK_FAIL,,
1018,TUX_SWR,,
519,V5EQPSTN-DL,,
60072,OTP_RLOS,,
2605,VCC_LOW_WARNING,,
436,EDFA2_PUMP_FAIL,,
2869,PTP_LOS_SYNC_PACKET,,
1344,MS_CUR_LOCK,,
61055,BATTERY_TEMPRATURE_OVER_THRESHOLD_WARNING,,
1562,PLM,ODUk,2
120,SET_FERF,,
1596,ALOOP,,
1521,ODU2_OCI,ODUk,2
256,LTIE2_Hz,,
2670,PSE_SHORT_CIRCUIT,,
1941,M_SWITCH,,
482,G1_STATUS,,
534,V52CO_LC_TIMEOUT,,
2610,INNER_TEMP_HIGH(ONU),,
60058,OPU1_TS2_ MISMATCH,,
3404,INFRARED SENSOR,,
1965,SCU_FAULT,,
910,MS_DEG,,
1234,SM_C_SD,,
2369,AIS(2M_PORT),,
3384,SMOKE,,
3450,AC VOLT UNDER_PHASE S,,
3448,AC VOLT UNDER_PHASE R,,
2449,DEVICE_TYPE_CHANGE,,
3452,AC VOLT UNDER_PHASE W,,
3040,CFM_CROSS_CONNECT,,
1064,LTITE4-1,,
1065,LTITE4-2,,
956,CLIENT_OPM_LOW,,
3373,CARD_INACTIVE,,
2835,VPNFRR_SW_FAIL,,
2338,oamKeepaliveTimeout,,
1704,TCM4_BEI_SES_LIMIT,ODUk,2
840,CH_IOP_W,,
1369,TEL_FAIL,,
841,CH_IOP_E,,
62010,LCDG_TW,,
1048,POWERALM5V_1,,
1049,POWERALM5V_2,,
1607,OTS3_ADJUST_ERR,,
228,MAIN_RF,,
2623,HARDWARE_MISMATCH,,
2099,BKUP_CLOCK,,
60094,FRR_BRIDGE,,
983,RX_01,,
985,RX_02,,
2557,Ah Threshold,,
198,LASERP1,,
199,LASERP2,,
1858,POWERALARM_S,,
1472,R_OPT_LOS,,
60137,Remote cluster has faulted,,
2592,TX_POWER_HIGH_ALARM,,
1857,POWERALARM_M,,
1750,GE_ELOOP,,
2382,DS_NET_1_CRC_THRESH,,
60000,BOARD_TYPE_MISMATCH,,
352,ERR_OSW,,
2443,ATUC_LOL_OVER_THRESHOLD,,
2733,TCM3_SSF,ODUk,2
1884,RS_CSES_LIMIT,,
68,DP_AIS,,
2348,E1_AIS,,
1672,TCM4_BIP8_ES_LIMIT,ODUk,2
832,LTIE2_HDB3.,,
940,LTIW10-2,,
939,LTIW10-1,,
2590,RX_POWER_HIGH_ALARM,,
448,CBLOWC,,
779,OSC_2M3_LOS,,
1653,TCM1_OCI,ODUk,2
2104,CHIP2_LOS,,
2445,ATUR_LOS_OVER_THRESHOLD,,
591,SES_LIMIT_MS,,
1438,LAN_ELOOP,,
750,LDLIFE.,,
369,EDFA1_NO_INPUT,,
2154,LCD_CORE,,
2552,CCM LOC,,
982,LFA_01,,
714,LASER_TCT.,,
62001,LOS_Status,,
984,LFA_02,,
763,PWRA_VEEALM,,
967,CH1_TSW,,
1881,OTN_LOOP,,
2756,MEM_USE_PER_OVER,,
3049,ROF_FAULT,,
2351,L2_CTRL,,
1500,POWER_UINIT2_FAIL,,
300,LD_T_LIMIT,,
2067,IP_MMG,,
2436,RMT_LOC,,
2574,TIME_HAVENT,,
1839,AGGR_OPU2_RS_TIM,,
2558,ONU_REGISTER_FAILED(GPON ONU\MAIN CARD),,
2388,NO_OPTICS_SIGNAL(PORT),,
993,POWERALM5V,,
2083,SCCABORT,,
1918,E1_RDI,,
61046,1PPS_LOS,,
2579,PHYSIC_ID_CONFLICT,,
515,V5WAITING-RST,,
1487,OTS_IOP_HIGH,,
1102,RPJEP_LIMIT,,
1318,OTS1_CH_IOP_HIGH,,
266,MAIN_TF,,
3380,MODULE_ABSENT,,
262,R_INP,,
2744,M_BPROUSERDIF,,
1168,Q_OVR,,
60114,TEST_FAILED,,
2749,M_BRADIUSDIFS,,
176,ELOST,,
434,RAIN_LEAK,,
3320,OPUK_VCAT_VCPLM,,
1939,WRAP_SWITCH_MANUAL,,
1348,FAIL.,,
1322,OTS1_CH_WAV_EX,,
2481,DOOR_ALM,,
2098,MAIN_CLOCK,,
61009,collect performance data timeout,,
62006,LOF_TW,,
1228,TRIB_SWTR,,
458,GUART_FAIL,,
874,GROUP_OPM_LOW,,
2694,ONU_REBOOT,,
1163,PHY_CHE,,
1594,LOOP_F,,
1364,LOOP_D,,
789,fRDONLY,,
847,LINE2_LOS2,,
846,LINE2_LOS1,,
1306,OTS1_CH_ILS,,
2360,BATT_LOW,,
661,LOOP_T,,
1825,SCK_LOS.,,
46,CRC_T,,
354,LOOP_L,,
157,RAPSCE1,,
189,APS_FAIL,,
158,RAPSCE2,,
1164,FC_CLKE,,
121,AU_LOP,CLIENT,1
1828,ETH_MMG,,
62104,PTP_PORT_LF,,
424,WINDOW,,
633,OTN_IOP,,
1603,OTS3_RECOG_ERR,,
3041,CFM_UNEXPECTED_PERIOD,,
1863,OTN_FEC_D_SD,,
60038,ODU1_LOM,,
1946,M_SAREADIF,,
2690,ODU1_LOF,,
3055,RAU_LASER_TX_POWER_LOW_ALARM,,
925,LTIW3-1,,
3391,HEAT_EX2 INDOOR FAN,,
2072,FANTIP,,
2761,ODU_RXLVL_LOW,,
1693,TCM1_BEI_ES_LIMIT,ODUk,2
2073,OTU4_AIS,OTU,3
1414,AGGR_SD.,,
2079,GMP_CSF,,
1013,CH_IOP_LOW,,
2562,MAC Spoofing Attack,,
2714,ODU_RSL_LOW_ALARM,,
748,TEMP_LOW,OMS,5
880,GROUP_RS_SD,,
2346,CRC_A,,
3316,FDI_O,OCH,4
1311,DGE_IOP_HIGH,,
2077,GMP_LFD,,
2126,FSCLALM,,
3315,FDI_P,OCH,4
2063,SHORT_ERR,,
679,RMT_34M,,
60109,FAN_COM_ERROR,,
406,RPJE_LIMIT,,
174,ELOSRCK,,
166,RSEDE2,,
165,RSEDE1,,
3434,BAT_TEMP UNDER,,
1107,2M_BOARD_SWR,,
1800,VC_LCK,,
2868,PTP_LOS_ANNOUNCE_PACKET,,
3430,HUMIDITY2 OVER,,
959,OTN_OPM_LOW,,
2513,ONU CPU Overload,,
1441,OTN_LRW_LRE,,
60146,SODN_WORKORDER_TIMEOUT,,
195,LASERC2,,
267,STRAP_BREAK,,
194,LASERC1,,
2806,Port_Link_Up,,
1803,VC_CSF,,
522,V5C-R-LOC,,
1027,TC_IEC,,
575,CLKALM,,
2433,UPGRADE_FILE_DISMATCH,,
2793,V6_ARP_EXC,,
732,SDH_LOF.,,
3335,MAC_LIMIT,,
1390,OTS3_CH_WAV_EX,,
1485,LINEP_IOP_LOW,,
60011,M_SMCCSFDIF,,
2492,RETEMPOVER,,
2097,CLOCK_B_FP,,
836,CH_ILS_E,,
1517,ODU1_LCK,ODUk,2
3432,HUMIDITY2 UNDER,,
1617,M_BCTRDIF,,
60100,LINK_ERROR,,
2448,AUTO_UPGRADE_ONU_FAILURE,,
62012,SUF_TW,,
3008,CCM LOC9,,
423,A/D_FAIL,,
3004,CCM LOC5,,
3005,CCM LOC6,,
3006,CCM LOC7,,
3007,CCM LOC8,,
597,XSIVE_COL,,
3001,CCM LOC2,,
3002,CCM LOC3,,
3003,CCM LOC4,,
1867,OTN_FEC_FDI,,
1869,OTN_SM_C_SD,,
2470,HUM_DOWN,,
650,P_W,,
60135,DBSPACE_OVER_THRESHOLD,,
1542,TCM3_LINK_REQUEST,,
1413,PRILOS_W.,,
2514,ONU MEMORY Overload,,
3410,MAIN FAIL,,
60049,ODU2_ODTU21_GMP_C8_LOSYN,,
355,PLD_PCT,,
2730,PM_SSF,ODUk,2
1554,TCM5_LINK_REQUEST,,
1002,AGGR_RS_TIM,,
60053,ODU1_ADP_FIFO_ERR,,
3074,OPTMODULE_TXPOWER_OVER_TW,,
1384,OTS3_CH_IOP_LOW,,
2510,NETWORK_SERVICE_QUALITY_LOWER,,
2536,TEMPERATURE_OVER,,
1299,E1_ERR.,,
2275,LINK_UP,,
2834,VPNFRR_SWR,,
3039,CFM_UNEXPECTED_LEVEL,,
432,GCTR_FAIL,,
2375,TOO_LONG_THRESH,,
2570,ATUC_UAS_OVER_THRESHOLD,,
1085,RS_UAS_LIMIT,,
2608,ETH_PORT_LOS,,
2705,XG_OPTMODULE_BIAS_OVER_WARNING,,
2472,ACVOLOVER,,
60054,ODU1_PIM_TIM,,
1848,AGGR_ODTU23_PM_C_SD,,
1233,PM_C_SD,,
1606,OTS2_ADJUST_ERR,,
2684,User Login Failed,,
479,G2_COMM,,
2664,UP_UNDER_SIZE_FRAME_OVER_THRESHOLD_WARNING,,
2753,PCS_LOBL,,
62055,HEATEX_CON_FAULT,,
2319,COMFAIL,,
2846,FAN_FAIL,,
2791,VRF_MAX_ROUTE_EXCEEDED,,
71,TEC_CT,,
2569,ATUC_SES_THRESH_TRAP,,
1773,VS_RDI,,
2303,Atuc_15MinESs,,
3047,FTTH_LOSS_LINK,,
60022,ROSW_LOCK_PROTECT,,
614,OTN_RF,,
55,V52CO_PS_PERR,,
12,FANIND,,
2082,SCCCUTTHROUGH,,
58,V52CO_BC_L3ERR,,
888,TRIB_MS_RDI,,
708,HP_SLM.,,
791,CFSW.,,
2052,MCCCUTTHROUGH,,
60074,OTP_IOP_HIGH,,
648,CLIENT_EOL,,
2638,UP_BROARDCAST_FRAMES_OVER_THRESHOLD,,
1355,LP_DEG,,
2747,M_BPROGROUPDIFS,,
1237,ATM_ELOOP,,
61063,eID INVALID,,
608,CC_LOC,,
1680,TCM4_BIP8_SES_LIMIT,ODUk,2
61056,RETEMPOVER_WARNING,,
60025,TOSW_MANUAL_CONTROL,,
2678,15 minutes Performance History Dumper over,,
60045,OPU2_125TS_MISMATCH,,
2696,KEYPROCESS_MEMORY_OVER_THRESHOLD,,
3418,RECITIF MODULE_FAIL,,
393,AU_LOP_T,,
611,OTN_TF,,
136,CASETEMP,,
2034,ODU0_AIS,ODUk,2
2659,REFERENCE_SOURCE_LOS,,
60012,M_SMCCDIF,,
3057,BTU_FLAUT,,
1124,SHDSL_ES_LIMIT,,
1572,OCH_FAULT,,
1566,LASER_OPM_LOW.,,
517,V5WAITING-UB,,
2614,CPU_VER_LOW,,
60021,TOSW_LOCK_MAIN,,
2396,TransmitFail,,
1674,TCM6_BIP8_ES_LIMIT,ODUk,2
2316,MCOMFAIL,,
2283,ATUC_PERF_LOLS_THRESH_TRAP,,
1240,SDH_ILOOP,,
418,RB_UNLK,,
2676,overSpaceMsg,,
2120,CFG_ERROR,,
111,CH_OLS,,
62030,OLP R1 Input Power Alarm,,
1482,LINE_P_FAULT,,
2089,1.2V,,
592,UAS_MS,,
2630,UP_UNICAST_FRAMES_OVER_THRESHOLD,,
61047,TOD_LOS,,
739,CH3_SUB_MAIN,,
286,ERRUA,,
729,SLOS.,,
1302,DGE_CH_ILS,,
2464,ONU_TO_OLT_RXPOWER_OVER,,
1191,MAC_REP,,
43,R_LOT,,
192,R_LOS,,
995,AGGR_OPM_HIGH,,
2110,BMU_H,,
2111,BMU_S,,
3442,AIR_CON2_TEMP UNDER,,
1645,TCM5_AIS,ODUk,2
1652,TCM6_LCK,ODUk,2
2763,ODU_REDUCTION,,
1431,TOSW_P_W,,
1486,OSW_MODE,,
1532,TCM2_TIM,ODUk,2
2401,PinAlarm,,
62067,Battery capacity too low,,
60133,MEM_OVER_THRESHOLD,,
1190,TOPO_DIF,,
2108,CHIP3_TEMP,,
751,OPTOP.,,
863,TRIB_LDOFF,,
1403,TX_LOOP_MDDLINE,,
299,MS_EXCER,,
1464,RPR_SWITCH_STEERING,,
1913,VP_SSF,,
1092,SWITCH,,
2502,RMT_LOOP,,
156,RSEDW2,,
110,CH_OPM,,
155,RSEDW1,,
505,V5WAITING-ESTDL,,
2540,User_defined_alarm3,,
2541,User_defined_alarm4,,
2542,User_defined_alarm5,,
2543,User_defined_alarm6,,
768,HP_SLU.,,
2466,User_defined_alarm1,,
2467,User_defined_alarm2,,
1410,GFP_LOF.,,
632,CLIENT_SDH_SD,,
2544,User_defined_alarm7,,
2545,User_defined_alarm8,,
2546,User_defined_alarm9,,
3458,BAT_DISCHARGE_CURR OVER,,
265,TEC_LIMIT,OTU,3
1007,AGGR_IOP_LOW,,
2827,IPFRR_SWR,,
60104,INNER_TEMP_HIGH,,
1490,TRIB_OTRX_ABSENT,,
628,CLIENT_SDH_LOS,,
62086,DETECTION_OF_DNS_DOS_ATTACK,,
924,LTIE2-2,,
923,LTIE2-1,,
1202,NODE_OF,,
1483,LINE_FAULT,,
163,TFPE1,,
164,TFPE2,,
2446,ATUR_LPR_OVER_THRESHOLD,,
624,CLIENT_SDH_LOF,,
61051,DCVOLOVER_WARNING,,
945,OCH_LOOP,,
1631,TRIB_LOOP,,
3336,MAC_FLAPPING,,
837,CH_ILS_W,,
1613,M_BSTRURDIF,,
786,LTIE_AIS,,
1777,MANUAL_SWITCH,ODUk,2
289,W_OUT_LOS,,
2385,US_CLIENT_1_CRC_THRESH,,
119,MS_FERF,,
749,FANALM.,,
792,OSW_FAIL,OTS,6
60106,CARD_TIMING_UPGRADE_SUCCESS,,
725,RMT_8M.,,
322,MS_RDI,CLIENT,1
785,LTIE_HDB3,,
2831,IPFRR_FORCE_SWITCH,,
1626,OTS3_RS232_COMM,,
1354,LP_RFI.,,
1640,OTN_LOM,OTU,3
1628,AGGR_OTRX_ABSENT,,
1639,OTN_LOF,OTU,3
2074,ODU4_AIS,ODUk,2
61026,ODU1 open connection indicator,,
2838,VPNFRR_FORCE_SWITCH,,
1690,TCM6_BIP8_UAS,,
2532,UPLINK_INVERSION,,
3036,BATTERY_3TEMPRATURE_OVER_THRESHOLD_ALARM,,
346,REFB_LOS,,
61049,BMC_SW,,
255,TU_AIS,,
1600,ADJUST_ERR,,
3324,TCM3_EXC,,
1415,PRILOS_E.,,
1392,OTS3_CH_OSNR_SD,,
61041,OOCR,,
1961,LAN_LOOP,,
635,OTN_LASERP,,
1771,HP_NPJE_ALARM,,
2506,ONU_REPLACE_REPLY_FAILED,,
1223,LINE_8kHz_FAIL,,
2064,FanSpeedAdd,,
1908,CARD_ABSENT.,,
60067,PCS_BIP8_SD,,
564,RING1_SWR,,
1039,MS_REI,,
2723,BUTTON_SWITCH,,
3060,ODU_OFFLINE,,
1814,SCLK_LOS,,
60062,BFD_FULL,,
1239,SDH_ELOOP,,
2817,K1K2_APS_MISMATCH,,
62,HP_FERF,,
2648,UP_COLLISIONS_OVER_THRESHOLD,,
2754,PCS_LOAML,,
127,V52PPERR,,
1673,TCM5_BIP8_ES_LIMIT,ODUk,2
272,CASE_TEMPH,,
2503,SYN_ALARM,,
178,ERAIS,,
655,CASE_TEMPL,,
1238,ATM_ILOOP,,
2278,ATUC_PERF_LOFS_THRESH_TRAP,,
2370,E1_LOS(OLD),,
971,HP_BBE_LIMIT,,
1952,M_SDCCSFDIF,,
1950,M_SCROSDIF,,
62025,HFA Pump1 Temperature Alarm,,
1449,DCVOLOVER.,,
2799,FL_IPV4_ONE,,
3394,HEAT_EX1 INDOOR SENSOR,,
1213,RING_FCSERR_BLIMIT,,
823,LTITW101,,
824,LTITW102,,
1066,LTITE5-1,,
2093,BKUP_POWER,,
757,LTILW2,,
755,LTILW1,,
1067,LTITE5-2,,
2593,TX_POWER_LOW_ALARM,,
2597,VCC_LOW_ALARM,,
1090,NB_FAIL,,
2535,Pon Switch,,
1352,TU_NPJE_ALARM,,
2289,ATUR_RATE_CHANGE_TRAP,,
1736,TEC_CCT,,
185,LFAN,,
2751,OTU_SSF,OTU,3
2389,CELL_BOUNDARY_LOSS,,
61005,DOWN_BANDWIDTH_UTILIZATION_OVER_THRESHOLD,,
1507,TRIB_PCS_ENCODERR_LIMIT,,
251,VAC_ALARM,,
236,COM_ABN,,
2500,PALM,,
688,CH_LOCK_BAK,,
2487,LVDS_ALM,,
979,RING8_SWR.,,
2698,Battery_Discharging,,
3051,RAU_OFFLINE,,
833,LTIE1_AIS.,,
117,MS_AIS,CLIENT,1
409,TR_TIM,,
1497,OTS_FPL,,
1779,TEMP_TCT,,
62087,DETECTION_OF_ICMP_DOS_ATTACK,,
1634,OTN_IOP_LOW,,
2033,E1_SLOOPL,,
19,EXIFP12,,
3058,ODU_FLAUT,,
1489,FE_ELOOP,,
1402,RX_LOOP_MDDHOST,,
2328,eponPdsCamOver,,
2400,LINK_LOSS,,
2084,CES_PK_LOS,,
2563,CPE_LOP,,
2745,M_BRADIUSDIF,,
62008,SF_TW,,
1648,TCM2_LCK,ODUk,2
626,CLIENT_TXLOL,,
2339,keyExchangeFailure,,
3449,AC VOLT OVER_PHASE R,,
3451,AC VOLT OVER_PHASE W,,
1630,AGGR_LOOP,,
900,TRIB_MS_SES_LIMIT,,
1641,TCM1_AIS,ODUk,2
62034,Fan Life Alarm,,
60131,SERVER_EXCEPTION,,
510,V5WAITING-ID,,
113,MPI_LOS,,
2440,ATUC_LOF_OVER_THRESHOLD,,
3382,DOOR,,
1729,ILS,OTS,6
60001,UNKNOW_BOARD_ALARM,,
153,TFPW1,,
154,TFPW2,,
1561,TCM6_LTC,ODUk,2
2442,ATUC_LPR_OVER_THRESHOLD,,
675,LOS_34M,,
2686,Illegal User Login,,
363,TR_TIIM,,
1235,VP_Configuration,,
1899,AGGR_ODTU23_PM_TIM,,
760,PWRA_FAIL,,
1188,RAL_E1,,
62079,MAC move detected on OLT,,
186,ERR3,,
227,C_SWR,,
33,LP_LOP,,
187,ERR6,,
623,CLIENT_RF,,
741,OTN_LDOFF,,
1151,AGGR_FEC_FDI,,
2812,SFP_EXIST,,
2830,IPFRR_MANUAL_SWITCH,,
1301,DGE_ILS,,
3363,SSM_SD,,
2567,TEMPERATURE_LOW,,
1360,CALL_REMOTE,,
787,RS_EXC.,,
821,LTITW91,,
822,LTITW92,,
1006,AGGR_IOP_HIGH,,
60110,FAN_SPEED_ERR,,
2264,CPU-OVERLOAD,,
1312,DGE_CH_IOP_HIGH,,
643,OTN_UAS,,
291,PLD_ALARM,,
60065,PRBS_LOSS,OCH,4
1043,CH3_RLOS,,
1231,PM_TIM,ODUk,2
1436,CLIENT_SD,,
2646,DOWN_CRC_32_ERRORS_OVER_THRESHOLD_WARNING,,
2772,ODU_RXLVL_HIGH,,
62039,MASTER_CONTACTOR_FAIL,,
1528,TCM1_SD,,
70,IOP,,
690,MS_FORCE_SWITCH,,
1332,OPM_COMM,,
2859,OMS_SSF,,
61007,DOWN_BANDWIDTH_UTILIZATION_LOWER_THRESHOLD,,
2378,CRC_ERR_THRESH,,
2779,EC_UTA,,
295,RAL,,
620,CLIENT_TF,,
21,EXIFP34,,
271,SET_ABN,,
776,OSC_OH_LOS,,
2658,DOWN_OCTETS_TRANSFERRED_OVER_THRESHOLD_ALARM,,
817,LTITW71,,
818,LTITW72,,
1401,TX_LOOP_MDDHOST,,
3337,REMOTE_OPTICAL_LOS,,
756,LTILE1,,
865,TRIB_TF,,
2027,MILS,,
758,LTILE2,,
1804,IOPM_HIGH,OMS,5
2001,M_BCFGRDIF_N,,
62093,PTP_CLOCK_UNLOCK,,
2398,AutoNegotiationFailure,,
3345,RX_W_TO_P,,
806,LTITW62,,
819,LTITW81,,
820,LTITW82,,
1146,LP_ES_LIMIT,,
3445,HEAT_EX1 VOLT UNDER,,
62035,Power Supply Out of range Alarm,,
563,OPARA_ERR,,
1722,LASER_OFF,,
1543,TCM3_LTC,ODUk,2
932,LTIW6-2,,
931,LTIW6-1,,
2131,LOS_UP,,
1862,OTN_SM_TIM,,
1444,2M_CARD_SWR,,
2663,OPT_MODULE_TYPE_MISMATCH,,
1357,BAKUP,,
1377,CLKLOS,,
2576,MAC Conflict,,
1222,BOARD_LOCK_BAK,,
60092,RDI,,
1978,TMP_SSF.,,
801,LTITW41,,
802,LTITW42,,
529,V52CO_C_L3ERR,,
805,LTITW61,,
1759,HALF_DUPLEX,,
60079,ODU_LOM,ODUk,2
2114,OPUk_CSF,ODUk,2
587,I_DS,,
60078,ODU_LOF,ODUk,2
226,SW_FAIL,ODUk,2
1341,AU_PPJE_ALARM,,
2497,INUNDATION,,
60113,OPT_LINK_CHANGE_WARNING,,
783,OSC_2M3_AIS,,
803,LTITW51,,
804,LTITW52,,
1732,GAIN_LOW,OTS,6
1086,MS_UAS_LIMIT,,
1636,WRITEFLASHERR,,
631,CLIENT_SDH_TIU,,
321,E_RS_LOF,,
2456,ONU_REGISTER_FAILED(EPON ONU、15/16),,
60006,FTIPALM,,
61021,Low-level channel is not loaded,,
1529,TCM1_BEI_SD,ODUk,2
625,CLIENT_SDH_TIM,,
1226,E1_OOF,,
2650,DOWN_COLLISIONS_OVER_THRESHOLD,,
1162,PARA_TF,,
2539,LOOPBACK,,
62076,Erps link protection state alarm,,
568,RING5_SWR,,
1492,TEST,,
2511,CPU_USAGE_OVER_THRESHOLD,,
3341,RX_LOCK_MAIN,,
799,LTITW31,,
800,LTITW32,,
1272,RX_R,,
867,TRIB_RF,,
898,TRIB_MS_ES_LIMIT,,
2810,Remote_Device_Power_Down,,
1591,GFP_UPM,,
2577,SN_CONFLICT,,
318,LOAD_SHORT,,
1873,PTP_LOS,,
1136,POWERALM1V2,,
1135,POWERALM1V5,,
1017,TRIB_SD,,
338,E12_FAIL,,
990,POWERALM1V8,,
75,SES_LIMIT,,
3395,HEAT_EX2 INDOOR SENSOR,,
2412,TOTAL_BANDWIDTH_OVER,,
1350,SYSPWRALM,,
1407,RPR_SWITCH,,
1260,BACK,,
642,OTN_SES_LIMIT,,
965,CH3_RSW,,
1499,POWER_UINIT1_FAIL,,
41,LP_TIU,,
2402,PoutAlarm,,
1488,FE_ILOOP,,
1416,TC_REI.,,
2738,UNKNOWN_ALARM_CODE,,
3330,E1_CASMFL,,
2699,BATTERY_TEMPRATURE_LOW_THRESHOLD_ALARM,,
2333,standardLinkFault,,
2405,NO_OPTICS_SIGNAL(TDM),,
1307,OTS2_ILS,,
124,V52CCERR,,
60127,The Mac Address Number of Core Switchboard Over,,
3046,BATTERY_FAIL,,
60098,E1_LOMF,,
60125,AIS,,
209,BATTALM,,
327,WT_IN,,
1707,SM_BEI_UAS,,
710,RS_TIM.,,
2587,IAD_CONNECTION_FAILURE,,
2566,DOWNSPEED_THRESHOLD,,
1992,CFG_MISMATCH,,
1893,CLIENT_FEC_C_SD,,
403,OALIFE,,
728,LOF.,,
909,HP_EXC,,
1275,ERR6_R,,
2718,UP_BANDWIDTH_UTILIZATION_OVER_THRESHOLD,,
142,LTIE2(HZ),,
1439,COUNT_OVF,,
1735,MANUAL_SET_FERF,,
2357,ACV_LOW,,
1242,RLS,,
62049,HEATEX_VOLOVER,,
883,GROUP_LDTCT,,
1746,W_RECOG_ERR,OTS,6
2151,WAN2_LOS,,
1504,PPHY_OFF,,
60061,BFD_DOWN,,
1578,P_W_R,,
60070,EDFA_OOP_HIGH,,
60105,INNER_TEMP_LOW_ALARM,,
1515,SM_LINK_REQUEST,,
1580,P_W_T,,
1110,SWR_WEST,,
1145,LODS,,
1790,VP_AIS,,
1813,BAK_5V_FAIL,,
3064,LINK2_BER_ALARM,,
358,RMT,,
40,LP_TIM,,
1959,E1_LOOP,,
790,fDISABLE,,
2688,ONU_REPLACING_FAIL,,
1298,E1_OVT,,
132,RS_EXBER,,
1294,-48V1ALM,,
172,ENET_SYER,,
1558,TCM6_SD,,
2113,PTP_CLK_ALM,,
577,BACKUP,,
421,MAIS,,
452,BREAK_BAT,,
2306,Atuc_InitFailure,,
919,LTIE1-1,,
920,LTIE1-2,,
62040,BACKUP_CONTACTOR_FAIL,,
3419,RECITIF MODULE_LINK_FAIL,,
1108,34M_BOARD_SWR,,
1769,SCK_LOS,,
774,OSC_8M_OOF,,
885,GROUP_LDCCT,,
2496,INFRARED,,
2828,IPFRR_SW_FAIL,,
707,HP_LOM.,,
879,TRIB_RS_SD,,
2719,POWER_HIGH_48V,,
60148,SODN_SUB_FRAME_DOES_NOT_EXIST,,
1373,8MCLKALM,,
1957,PORT_DROP,,
1327,DGE_IN_FPL,,
60085,OPU_CSF,ODUk,2
834,LTIE2_AIS.,,
2710,XG_OPTMODULE_TXPOWER_LOW_WARNING,,
54,V52CO_PS_L3ERR,,
717,MS_SD.,,
1293,noname,,
1533,TCM2_BDI,ODUk,2
1122,SHDSL_CRC_ERR,,
1380,OTS3_CH_ILS,,
894,TRIB_RS_SES_LIMIT,,
980,RING9_SWR.,,
62108,ANNOUNCE_RX_TIMEOUT,,
273,PRIDS,,
3405,BACKUP INPUT CON_IN1,,
3406,BACKUP INPUT CON_IN2,,
3407,BACKUP INPUT CON_IN3,,
3408,BACKUP INPUT CON_IN4,,
3409,BACKUP INPUT CON_IN5,,
1937,CARD_TCT.,,
2740,ACCESS_CAPACITY_ALARM,,
2736,TCM6_SSF,ODUk,2
1427,.TOSW_FAIL.,,
60082,ODU_LCK,ODUk,2
2444,ATUR_LOF_OVER_THRESHOLD,,
62100,PTP_PASSIVE_OFFSET_OVERFLOW,,
219,S1_MISS,,
1656,TCM4_OCI,,
2305,Atuc_15MinLol,,
2287,ATUR_PERF_LPRS_THRESH_TRAP,,
1775,VP_RDI,,
2726,DELAY_REQ_RX_TIMEOUT,,
2300,Atuc_15MinLof,,
858,LASER_OPM_LOW,,
1170,Q_DCLP0,,
1478,R_E1_LOOP,,
1695,TCM3_BEI_ES_LIMIT,ODUk,2
794,OSC_SD.,,
1865,CLIENT_SM_C_SD,,
2101,CHIP2_FAIL,,
2632,DOWN_UNICAST_FRAMES_OVER_THRESHOLD,,
407,MRMT,,
711,RS_TIU.,,
511,LTIL32,,
504,LTIL30,,
507,LTIL31,,
502,LTIL29,,
497,LTIL27,,
2775,AC_POA,,
500,LTIL28,,
1458,CHP_RLOS,,
3076,TX_POWER_HIGH_ALARM_TW,,
654,LTEMP_H,,
653,LTEMP_L,,
1843,AGGR_PM_TIM,,
1864,CLIENT_FEC_FDI,,
1870,BAND_MISMATCH,,
257,LDMANOFF,,
1587,OMS_MID_OLS,,
1854,CUT.,,
1563,OPU2_MSIM,,
274,CH_IN_OSD,,
478,LTIL21,,
481,LTIL22,,
2147,LOP_15,,
475,LTIL20,,
491,LTIL25,,
494,LTIL26,,
485,LTIL23,,
770,CLIENT_SDH_EXBER,,
488,LTIL24,,
1279,LOCK_BAK,OCH,4
471,LTIL18,,
647,CLIENT_UAS,,
473,LTIL19,,
465,LTIL16,,
1714,TCM6_BEI_UAS,,
1727,ODU3_OCI,ODUk,2
469,LTIL17,,
2041,PBRS_ENABLE,,
422,EDFA1_PUMP_FAIL,,
2129,LOLN,,
1547,TCM4_BEI_SD,ODUk,2
2302,Atuc_15MinLpr,,
1958,CRC_PACKET_LIMIT,CLIENT,1
2556,CCM_MISTAKE_CONNECT,,
398,PPS_LOS,,
433,LTIL10,,
680,V5P_PERGRAM_RESET,,
441,LTIL11,,
2301,Atuc_15MinLos,,
1169,U_TOVF,,
456,LTIL14,,
2564,UndersizeFrame Threshold,,
462,LTIL15,,
446,LTIL12,,
453,LTIL13,,
1177,I_OAMERRI,,
1465,LPT_WAIT,,
11,FANALM,,
530,DISP_ERR,,
2862,OTS_LOS_P,,
78,LOOP,,
572,RING9_SWR,,
1347,IOP_LOW.,,
281,RA_LOS,,
1045,TRIB_IOP_LOW,,
60099,E1_RAI_MF,,
426,DECODE_SW,,
2863,OTS_LOS_O,,
60010,M_SMCCIRDIF,,
1068,LTITE6-1,,
1069,LTITE6-2,,
1111,SWR_EAST,,
3365,ENVIRONMENT_TEMP_ABNORMAL,,
2018,E1_ES_LIMIT,,
715,CH_OPM.,,
891,GROUP_EOL,,
2276,LINK_DOWN,CLIENT,1
445,RXR,,
2768,ISIS_ADJACENCY_CHANGE,,
1030,GFP_LOF,,
1904,MANUAL_SW,,
3032,ETH_PORT_CONGESTION(OLD),,
3421,RECITIF MODULE_FAN FAIL,,
62075,Battery Cell discharge current over,,
740,CH4_SUB_MAIN,,
2365,LINK_ID,,
2528,LOAM_LOS,,
2636,DOWN_RX_MULTICAST_FRAMES_OVER_THRESHOLD,,
60028,BMUALM,,
1484,LINEW_IOP_LOW,,
345,E_UNLOCK,,
600,C_LOS,,
2512,MEM_USAGE_OVER_THRESHOLD,,
1388,OTS3_CH_IOP_HIGH,,
1152,FPIN_LOS,,
62101,OUTSIDE_PTP_OFFSET_OVERFLOW,,
762,PWRA_VCCALM,,
1698,TCM6_BEI_ES_LIMIT,ODUk,2
62007,DOW_TW,,
1510,OTU1_AIS,OTU,3
1856,PM_TIM.,,
60008,M_BMCCSFDIF,,
2781,BATC_FFA,,
723,OPM.,,
2007,M_BFENBDIF_N,,
61053,ENV_TEMP_OVER_WARNING,,
1493,DLOOP,,
61004,Business slot change alarm of ODN device,,
2581,CARD_TYPE_NOT_IDENTICAL,,
2600,TX_POWER_HIGH_WARNING,,
2103,CHIP1_LOS,,
1734,FERF,,
1953,TMS_CV_LOS,,
175,WLOST,,
2666,DOWN_UNDER_SIZE_FRAME_OVER_THRESHOLD_WARNING,,
62016,DOWN_BIP8_OVER_THRESH_ALARM_TW,,
2161,LOS3,,
2160,LOS2,,
2159,LOS1,,
2165,LOS7,,
2164,LOS6,,
1689,TCM5_BIP8_UAS,,
2163,LOS5,,
2162,LOS4,,
2166,LOS8,,
3368,GE_FAIL,,
2732,TCM2_SSF,ODUk,2
2505,ONU_REPLACE_SUCCESSFUL,,
1876,VPLB_LOS,,
425,REF_FALI,,
2622,DOWN_BIP8_OVER_THRESH_ALARM,,
61019,Low-order path signal label mismatch,,
2127,FSDAALM,,
913,HP_ES_LIMIT,,
2657,DOWN_OCTETS_TRANSFERRED_OVER_THRESHOLD_WARNING,,
1616,M_BDCCDIF,,
60069,EDFA_OOP_LOW,,
795,LTITE91,,
796,LTITE92,,
2282,ATUC_RATE_CHANGE_TRAP,,
1556,TCM6_TIM,ODUk,2
1706,TCM6_BEI_SES_LIMIT,ODUk,2
3068,FLASH_USAGE_OVER_THRESHOLD,,
62080,DETECTION_OF_OLT_MAC_DOS_ATTACK,,
1137,OSW1_LOCK,,
1105,LP_SWR,,
1425,OTS_W_IOP_LOW,,
2130,LOUP,,
62094,PTP_HARDWARE_FAULT,,
1878,OA_TF,,
18,SCKI,,
687,CH_LOCK_MAIN,,
1742,FLAT_EXC,OTS,6
886,TRIB_MS_AIS,,
1422,OTS_W_ILS,,
1900,TRIB_FEC_D_SD,,
827,LTITE71,,
828,LTITE72,,
1176,CRQ_OVF,,
1026,TC_UNEQ,,
905,BACK_OLS,,
1391,OTS4_CH_WAV_EX,,
2121,CROSS_MISMATCH,,
3069,LINK6_BER_ALARM,,
2457,HG_REGISTER_FAILED,,
2583,LINE_CARD_DISCONNECT,,
830,LTITE82,,
180,LDTALM,,
61008,E1_SERVICE_INTERRUPTION,,
1910,ALM_MAIN_CH,,
829,LTITE81,,
1886,HP_CSES_LIMIT,,
2488,LINKFAIL,,
1995,MS_CH_TEST,,
60132,CPU_OVER_THRESHOLD,,
292,RMT_8M,,
1604,OTS4_RECOG_ERR,,
1442,OTN_LRE_LRW,,
970,CH4_TSW,,
813,LTITE51,,
2644,DOWN_FRAMES_DROPPED_OVER_THRESHOLD,,
814,LTITE52,,
3379,MODULE_UNAUTHENTICATED,,
1412,TRIB_SD.,,
1109,E155/E4_BOARD_SWR,,
1227,PPI_OOF,,
1174,HP_BIP8,,
1996,GFP_LFD.,,
998,AGGR_RS_ES_LIMIT,,
60034,ODU2_LOM,,
1052,LTITE10-1,,
1053,LTITE10-2,,
2711,USER_MAC_SPOOFING,,
1522,PM_BDI,ODUk,2
60035,ODU2_LOF,,
1919,CONTEXT_PACKET_LOS,,
6,MS_SD,,
60005,PM_THRESHOLD_WARNING,,
1329,OTS1_FPL,,
815,LTITE61,,
816,LTITE62,,
2586,PHYSICAL_INTRUSION,,
3354,SPANLOSS_OVERRUN,,
2790,VRF_MIN_ROUTE_EXCEEDED,,
60136,Alarm Frequency Over Threshold,,
1386,OTS3_IOP_HIGH,,
2814,OOP_LIMIT_RECOVER,,
1593,GFP_LFD,ODUk,2
2668,LIGHTNING_PROTECT_FAIL,,
